virus_name,collection_date
hCoV-19/USA/MD-HP01055/2020,2020-12-29
hCoV-19/USA/MA-MASPHL-01275/2020,2020-12-22
hCoV-19/USA/CA-CZB-15098/2020,2020-11-20
hCoV-19/USA/CA-CZB-17128/2020,2020-12-27
hCoV-19/USA/FL-CDC-22062250/2021,2021-02-13
hCoV-19/USA/LA-EVTL1185/2020,2020-12-11
hCoV-19/USA/OK-CDC-2-3693590/2020,2020-11-18
hCoV-19/USA/TX-CDC-LC0005303/2021,2021-01-09
hCoV-19/USA/ME-HETL-J0614/2020,2020-12-26
hCoV-19/USA/NC-CDC-2-3858595/2021,2021-01-27
hCoV-19/USA/NY-Wadsworth-248543-01/2020,2020-10-19
hCoV-19/USA/CO-CDPHE-21MC-007MX0020/2021,2021-01-07
hCoV-19/USA/MO-CDC-2-3714256/2020,2020-11-24
hCoV-19/USA/CO-CDPHE-2009170340/2020,2020-09-16
hCoV-19/USA/OR-OHSU-9405/2021,2021-01-07
hCoV-19/USA/CA-UCSF-JD391/2021,2021-01-18
hCoV-19/USA/CA-ALSR-6736/2021,2021-01-13
hCoV-19/USA/ME-HETL-J0541/2020,2020-12-31
hCoV-19/USA/CA-ALSR-6132/2021,2021-01-01
hCoV-19/USA/CA-ALSR-6517/2020,2020-12-03
hCoV-19/USA/NY-Wadsworth-21010132-01/2021,2021-01-05
hCoV-19/USA/MN-CDC-2-3714173/2020,2020-11-28
hCoV-19/USA/TX-HMH-MCoV-23916/2021,2021-01-14
hCoV-19/USA/MD-HP02517/2021,2021-02-08
hCoV-19/USA/LA-EVTL1745/2021,2021-01-13
hCoV-19/USA/CA-CZB-12366/2020,2020-10-12
hCoV-19/USA/MD-CDC-LC0007318/2021,2021-01-19
hCoV-19/USA/CA-CZB-12311/2020,2020-10-07
hCoV-19/USA/MN-MDH-1998/2020,2020-10-29
hCoV-19/USA/FL-BPHL-1567/2020,2020-09-14
hCoV-19/USA/AR-CDC-21402898/2021,2021-01-25
hCoV-19/USA/TX-HMH-MCoV-20119/2021,2021-01-02
hCoV-19/USA/SC-CDC-LC0018201/2021,2021-02-15
hCoV-19/USA/CA-MCPHL-MC01813/2021,2021-01-17
hCoV-19/USA/CA-CZB-15873/2020,2020-12-06
hCoV-19/USA/WA-UW-60627/2021,2021-01-29
hCoV-19/USA/CO-CDPHE-2100359654/2021,2021-02-05
hCoV-19/USA/NY-Wadsworth-21011378-01/2021,2021-01-15
hCoV-19/USA/NY-PRL-2021_0201_03B12/2021,2021-01-31
hCoV-19/USA/CA-ALSR-3501/2020,2020-09-08
hCoV-19/USA/IL-NM-5074/2020,2020-12-23
hCoV-19/USA/NC-CDC-LC0010828/2021,2021-01-26
hCoV-19/USA/NJ-CDC-LC00001321/2020,2020-12-27
hCoV-19/USA/FL-CDC-LC0017620/2021,2021-02-16
hCoV-19/USA/AK-PROV-626/2020,2020-11-04
hCoV-19/USA/WA-S4836/2021,2021-01-21
hCoV-19/USA/NC-CDC-2-3858691/2021,2021-01-21
hCoV-19/USA/CA-CZB-17154/2020,2020-12-31
hCoV-19/USA/TX-HMH-MCoV-25029/2021,2021-01-20
hCoV-19/USA/LA-EVTL1319/2020,2020-12-11
hCoV-19/USA/VA-DCLS-2399/2020,2020-11-16
hCoV-19/USA/MI-UM-10036861654/2020,2020-11-09
hCoV-19/USA/UT-UPHL-2102225661/2020,2020-12-29
hCoV-19/USA/PA-CDC-LC0001295/2020,2020-12-27
hCoV-19/USA/WI-UW-2282/2020,2020-11-18
hCoV-19/USA/TX-HMH-MCoV-22518/2021,2021-01-12
hCoV-19/USA/WA-S4317/2021,2021-01-19
hCoV-19/USA/WA-UW-60655/2021,2021-01-29
hCoV-19/USA/NY-NYCPHL-001460/2020,2020-11-25
hCoV-19/USA/MS-CDC-LC0010096/2021,2021-01-25
hCoV-19/USA/AK-PHL6778/2021,2021-01-25
hCoV-19/USA/TX-HMH-MCoV-19693/2020,2020-11-30
hCoV-19/USA/TX-HMH-MCoV-20333/2021,2021-01-04
hCoV-19/USA/NY-PRL-2021_02_15_00C02/2021,2021-02-13
hCoV-19/USA/WI-UW-1388/2020,2020-09-04
hCoV-19/USA/MI-MDHHS-SC22386/2020,2020-11-17
hCoV-19/USA/NH-CDC-21679491/2021,2021-01-31
hCoV-19/USA/OH-ODH-SC171463/2020,2020-12-01
hCoV-19/USA/NY-Wadsworth-290335-01/2020,2020-12-15
hCoV-19/USA/OH-CDC-21673585/2021,2021-02-02
hCoV-19/USA/MI-UM-10038267223/2021,2021-02-10
hCoV-19/USA/NY-PRL-2021_02_19_00M23/2021,2021-02-17
hCoV-19/USA/MA-MASPHL-00956/2020,2020-10-28
hCoV-19/USA/WA-UW-60278/2021,2021-01-29
hCoV-19/USA/MD-HP02011/2021,2021-02-01
hCoV-19/USA/GA-CDC-STM-0000013-G05/2021,2021-01-14
hCoV-19/USA/NY-Wadsworth-21009967-01/2020,2020-12-15
hCoV-19/USA/IL-CDC-22054256/2021,2021-02-15
hCoV-19/USA/TX-HMH-MCoV-18482/2020,2020-11-20
hCoV-19/USA/NY-Wadsworth-288888-01/2020,2020-12-18
hCoV-19/USA/WI-WSLH-211256/2021,2021-02-08
hCoV-19/USA/FL-CDC-LC0015944/2021,2021-02-10
hCoV-19/USA/VA-CDC-LC0007261/2021,2021-01-19
hCoV-19/USA/TX-HMH-MCoV-14558/2020,2020-10-09
hCoV-19/USA/IN-CDC-STM-298/2021,2021-01-02
hCoV-19/USA/TX-HMH-MCoV-12498/2020,2020-09-30
hCoV-19/USA/CA-QDX-4080/2021,2021-01-09
hCoV-19/USA/VA-DCLS-2517/2020,2020-11-21
hCoV-19/USA/KY-CDC-2-3693686/2020,2020-11-04
hCoV-19/USA/CA-CZB-16693/2020,2020-12-09
hCoV-19/USA/UT-UPHL-2102259446/2020,2020-12-28
hCoV-19/USA/WA-S4529/2021,2021-01-22
hCoV-19/USA/WI-UW-2324/2020,2020-11-21
hCoV-19/USA/TX-HMH-MCoV-20388/2021,2021-01-05
hCoV-19/USA/CA-CZB-14528/2020,2020-11-11
hCoV-19/USA/TX-HMH-MCoV-21313/2020,2020-12-28
hCoV-19/USA/MA-CDC-STM-0000014-F11/2021,2021-01-12
hCoV-19/USA/FL-BPHL-0237/2021,2021-01-11
hCoV-19/USA/VA-DCLS-2462/2020,2020-11-18
hCoV-19/USA/FL-BPHL-0114/2021,2021-01-05
hCoV-19/USA/TX-HMH-MCoV-19821/2020,2020-11-25
hCoV-19/USA/CA-UCSF-JD270/2021,2021-01-25
hCoV-19/USA/FL-BPHL-0469/2021,2021-01-15
hCoV-19/USA/MI-MDHHS-SC23269/2021,2021-01-24
hCoV-19/USA/AL-Etowah-JFLX/2020,2020-12-02
hCoV-19/USA/TX-HMH-MCoV-22895/2020,2020-12-29
hCoV-19/USA/NE-H4243/2021,2021-02-11
hCoV-19/USA/AL-HGSC-JETB/2020,2020-11-11
hCoV-19/USA/NY-Wadsworth-21005051-01/2020,2020-12-29
hCoV-19/USA/WY-WPHL-21007325/2021,2021-01-20
hCoV-19/USA/UT-UPHL-2101457990/2020,2020-12-29
hCoV-19/USA/MA-MGH-04082/2021,2021-02-03
hCoV-19/USA/NV-NSPHL-NV2032816/2020,2020-10-12
hCoV-19/USA/FL-QDX-3418/2020,2020-11-10
hCoV-19/USA/TX-HMH-MCoV-24777/2021,2021-01-18
hCoV-19/USA/NY-Wadsworth-21001326-01/2020,2020-12-30
hCoV-19/USA/TX-HMH-MCoV-22850/2020,2020-12-26
hCoV-19/USA/IL-IDPH-I-000576/2020,2020-10-12
hCoV-19/USA/TX-HMH-MCoV-23006/2021,2021-01-12
hCoV-19/USA/AZ-CDC-LC0015112/2021,2021-02-09
hCoV-19/USA/NMDOH-2021046383/2021,2021-02-02
hCoV-19/USA/NH-QDX-3927/2021,2021-01-07
hCoV-19/USA/NJ-CDC-STM-000005944/2021,2021-01-28
hCoV-19/USA/TX-HMH-MCoV-14434/2020,2020-10-07
hCoV-19/USA/TX-HMH-MCoV-20137/2021,2021-01-04
hCoV-19/USA/MI-MDHHS-SC22847/2020,2020-11-27
hCoV-19/USA/MI-MDHHS-SC22546/2020,2020-11-02
hCoV-19/USA/VA-CDC-LC00000431/2020,2020-12-27
hCoV-19/USA/FL-BPHL-0530/2021,2021-02-04
hCoV-19/USA/CT-CDC-21491578/2021,2021-01-24
hCoV-19/USA/IL-NM-5851/2021,2021-01-05
hCoV-19/USA/AZ-ASPHL-3403/2021,2021-01-07
hCoV-19/USA/LA-EVTL2096/2020,2020-09-28
hCoV-19/USA/AL-HGSC-JEXP/2020,2020-11-18
hCoV-19/USA/CT-CDC-22057583/2021,2021-02-15
hCoV-19/USA/CA-CZB-17222/2020,2020-12-22
hCoV-19/USA/AK-CDC-2-3693677/2020,2020-11-08
hCoV-19/USA/VA-CDC-21399472/2021,2021-01-24
hCoV-19/USA/WI-UW-2129/2020,2020-10-01
hCoV-19/USA/NMDOH-2021051176/2021,2021-02-05
hCoV-19/USA/NY-Wadsworth-21011160-01/2021,2021-01-13
hCoV-19/USA/ME-HETL-J1388/2021,2021-02-01
hCoV-19/USA/TX-HMH-MCoV-18318/2020,2020-11-17
hCoV-19/USA/FL-CDC-STM-000005693/2021,2021-01-27
hCoV-19/USA/TX-HMH-MCoV-21805/2021,2021-01-10
hCoV-19/USA/NY-Wadsworth-289892-01/2020,2020-12-22
hCoV-19/USA/WI-GMF-33783/2020,2020-11-13
hCoV-19/USA/TX-HMH-MCoV-23788/2021,2021-01-15
hCoV-19/USA/CA-CZB-19433/2021,2021-01-04
hCoV-19/USA/NV-CDC-2-3714199/2020,2020-12-04
hCoV-19/USA/PA-CDC-LC00001380/2020,2020-12-26
hCoV-19/USA/MN-UMGC_49/2020,2020-09-01
hCoV-19/USA/GA-CDC-LC00000959/2020,2020-12-26
hCoV-19/USA/NY-NYCPHL-003167/2021,2021-02-09
hCoV-19/USA/NY-UB-00515/2021,2021-01-04
hCoV-19/USA/CA-ALSR-5947/2020,2020-11-24
hCoV-19/USA/LA-CDC-21759575/2021,2021-02-01
hCoV-19/USA/MD-MDH-0271/2020,2020-10-13
hCoV-19/USA/WI-WSLH-201696/2020,2020-12-08
hCoV-19/USA/OR-KCL-21012665COV_01/2021,2021-01-25
hCoV-19/USA/NY-NYCPHL-002015/2020,2020-12-29
hCoV-19/USA/GA-CDC-STM-000010648/2021,2021-02-07
hCoV-19/USA/TX-HMH-MCoV-18240/2020,2020-11-17
hCoV-19/USA/TX-HMH-MCoV-14937/2020,2020-10-14
hCoV-19/USA/PA-MGEL-00856/2020,2020-10-13
hCoV-19/USA/CA-CDC-21613590/2021,2021-01-31
hCoV-19/USA/NY-NYCPHL-003023/2021,2021-02-04
hCoV-19/USA/CA-ALSR-6665/2021,2021-01-19
hCoV-19/USA/TX-HMH-MCoV-14542/2020,2020-10-09
hCoV-19/USA/FL-CDC-STM-000010590/2021,2021-02-07
hCoV-19/USA/IL-NM-5004/2020,2020-12-21
hCoV-19/USA/AL-HGSC-JGCY/2020,2020-12-04
hCoV-19/USA/OH-CDC-21576493/2021,2021-01-29
hCoV-19/USA/TX-HMH-MCoV-21620/2021,2021-01-09
hCoV-19/USA/FL-CDC-STM-000008132/2021,2021-01-10
hCoV-19/USA/NY-NYCPHL-003480/2021,2021-02-22
hCoV-19/USA/CA-ALSR-5019/2020,2020-12-04
hCoV-19/USA/NY-PRL-2021_0125_00G12/2021,2021-01-19
hCoV-19/USA/UT-UPHL-2101574178/2021,2021-01-08
hCoV-19/USA/TX-HMH-MCoV-14315/2020,2020-10-06
hCoV-19/USA/NY-Wadsworth-21011341-01/2021,2021-01-14
hCoV-19/USA/OH-CDC-21866707/2021,2021-02-07
hCoV-19/USA/WA-UW-60050/2021,2021-01-20
hCoV-19/USA/VA-DCLS-3009/2020,2020-12-27
hCoV-19/USA/OR-OHSU-2827/2020,2020-09-02
hCoV-19/USA/WA-S3739/2020,2020-12-21
hCoV-19/USA/WI-WSLH-201306/2020,2020-09-21
hCoV-19/USA/WA-S2846/2020,2020-09-16
hCoV-19/USA/FL-BPHL-0135/2021,2021-01-06
hCoV-19/USA/FL-BPHL-0155/2021,2021-01-07
hCoV-19/USA/TX-HMH-MCoV-24081/2021,2021-01-16
hCoV-19/USA/TX-HMH-MCoV-20485/2021,2021-01-05
hCoV-19/USA/AL-HGSC-JGFT/2020,2020-12-07
hCoV-19/USA/TX-HMH-MCoV-22549/2021,2021-01-12
hCoV-19/USA/CA-ALSR-3360/2020,2020-09-18
hCoV-19/USA/TX-HMH-MCoV-19543/2020,2020-12-01
hCoV-19/USA/WI-CDC-2-3912743/2021,2021-01-29
hCoV-19/USA/MS-CDC-6564/2020,2020-09-15
hCoV-19/USA/WI-GMF-50751/2021,2021-01-21
hCoV-19/USA/MN-CDC-21795269/2021,2021-02-06
hCoV-19/USA/WI-WSLH-211282/2021,2021-02-08
hCoV-19/USA/CA-ALSR-6899/2021,2021-01-28
hCoV-19/USA/WI-WSLH-210017/2020,2020-12-21
hCoV-19/USA/OR-KCL-21012770COV_03/2021,2021-01-26
hCoV-19/USA/NY-Wadsworth-278554-01/2020,2020-11-23
hCoV-19/USA/MN-MDH-1974/2020,2020-10-25
hCoV-19/USA/NY-Wadsworth-21010215-01/2021,2021-01-06
hCoV-19/USA/TX-HMH-MCoV-18614/2020,2020-11-19
hCoV-19/USA/WY-WPHL-20168100/2020,2020-12-18
hCoV-19/USA/NY-PRL-2021_02_12_02G07/2021,2021-02-09
hCoV-19/USA/PA-MGEL-01131/2020,2020-11-28
hCoV-19/USA/NJ-CDC-LC0006783/2021,2021-01-19
hCoV-19/USA/TX-HMH-MCoV-23982/2021,2021-01-15
hCoV-19/USA/CA-UCSF-JD247/2021,2021-01-26
hCoV-19/USA/WA-UW-60972/2021,2021-02-04
hCoV-19/USA/AK-PHL6770/2021,2021-01-29
hCoV-19/USA/MI-UM-S495994/2021,2021-01-26
hCoV-19/USA/FL-BPHL-0386/2021,2021-01-29
hCoV-19/USA/WI-UW-2987/2021,2021-01-12
hCoV-19/USA/WV-CDC-21841570/2021,2021-02-06
hCoV-19/USA/HI-H210928/2021,2021-01-05
hCoV-19/USA/TX-HMH-MCoV-25066/2021,2021-01-19
hCoV-19/USA/WI-GMF-43549/2020,2020-12-20
hCoV-19/USA/IA-GMF-41403/2020,2020-12-12
hCoV-19/USA/WI-WSLH-211102/2020,2020-10-29
hCoV-19/USA/MI-UM-10036690451/2020,2020-10-29
hCoV-19/USA/AR-CDC-LC0014682/2021,2021-02-09
hCoV-19/USA/CA-CZB-19359/2020,2020-12-29
hCoV-19/USA/NY-Wadsworth-21016165-01/2021,2021-01-27
hCoV-19/USA/OR-CDC-LC0000785/2020,2020-12-24
hCoV-19/USA/MA-MASPHL-01019/2020,2020-11-07
hCoV-19/USA/CA-CZB-14604/2020,2020-10-29
hCoV-19/USA/MD-HP01119/2021,2021-01-05
hCoV-19/USA/FL-CDC-STM-157/2020,2020-12-30
hCoV-19/USA/CO-CDPHE-2100288952/2021,2021-01-27
hCoV-19/USA/MO-CDC-LC0011982/2021,2021-01-29
hCoV-19/USA/AL-HGSC-JGCE/2020,2020-12-04
hCoV-19/USA/CA-CDC-22060951/2021,2021-02-08
hCoV-19/USA/PR-F1SR/2021,2021-01-13
hCoV-19/USA/ME-HETL-J0876/2021,2021-01-12
hCoV-19/USA/FL-CDC-STM-000007280/2021,2021-01-29
hCoV-19/USA/TX-HMH-MCoV-23071/2021,2021-01-11
hCoV-19/USA/AZ-ASPHL-3133/2020,2020-12-16
hCoV-19/USA/CA-PROV-856/2020,2020-12-28
hCoV-19/USA/WI-UW-1451/2020,2020-09-12
hCoV-19/USA/WY-WPHL-20167460/2020,2020-12-17
hCoV-19/USA/AZ-CDC-LC0011546/2021,2021-01-28
hCoV-19/USA/CA-QDX-3590/2021,2021-01-08
hCoV-19/USA/DC-DFS-PHL-0127/2021,2021-01-09
hCoV-19/USA/TX-HMH-MCoV-14581/2020,2020-10-09
hCoV-19/USA/FL-BPHL-0519/2021,2021-02-05
hCoV-19/USA/TX-HMH-MCoV-23857/2021,2021-01-15
hCoV-19/USA/TX-HMH-MCoV-24263/2021,2021-01-16
hCoV-19/USA/WI-GMF-52812/2021,2021-01-31
hCoV-19/USA/OR-OHSU-8793/2020,2020-12-30
hCoV-19/USA/NY-Wadsworth-21008419-01/2021,2021-01-04
hCoV-19/USA/CA-IEH-NP731/2021,2021-01-23
hCoV-19/USA/MA-CDC-21996165/2021,2021-02-11
hCoV-19/USA/UT-CDC-LC0014832/2021,2021-02-09
hCoV-19/USA/TX-HMH-MCoV-18922/2020,2020-11-25
hCoV-19/USA/MN-MDH-2121/2020,2020-10-30
hCoV-19/USA/CA-PROV-813/2020,2020-12-20
hCoV-19/USA/CA-QDX-3605/2021,2021-01-08
hCoV-19/USA/OR-OHSU-8575/2020,2020-12-24
hCoV-19/USA/NY-PRL-2021_02_10_02H08/2021,2021-02-08
hCoV-19/USA/WY-WPHL-20161554/2020,2020-12-08
hCoV-19/USA/NE-8217/2021,2021-02-16
hCoV-19/USA/CA-CZB-16986/2020,2020-12-10
hCoV-19/USA/NY-Wadsworth-21016137-01/2021,2021-01-28
hCoV-19/USA/NY-Wadsworth-292140-01/2020,2020-12-29
hCoV-19/USA/OR-PROV-761/2020,2020-12-22
hCoV-19/USA/TX-HMH-MCoV-22417/2021,2021-01-12
hCoV-19/USA/VA-DCLS-2577/2020,2020-11-24
hCoV-19/USA/CA-CZB-22874/2020,2020-12-29
hCoV-19/USA/CA-CZB-19926/2021,2021-01-10
hCoV-19/USA/TX-HMH-MCoV-20537/2021,2021-01-04
hCoV-19/USA/WI-WSLH-211275/2021,2021-01-29
hCoV-19/USA/TX-HMH-MCoV-25009/2021,2021-01-19
hCoV-19/USA/MI-CDC-STM-000010594/2021,2021-02-07
hCoV-19/USA/NY-Wadsworth-293292-01/2020,2020-12-26
hCoV-19/USA/VA-CDC-21875089/2021,2021-02-07
hCoV-19/USA/CA-UCSF-JD526/2021,2021-01-22
hCoV-19/USA/TX-HMH-MCoV-11415/2020,2020-09-04
hCoV-19/USA/NY-PRL-2021_02_08_05B09/2021,2021-02-06
hCoV-19/USA/FL-BPHL-0079/2021,2021-01-04
hCoV-19/USA/FL-USAFSAM-S584/2020,2020-11-10
hCoV-19/USA/NV-NSPHL-NV2031405/2020,2020-10-06
hCoV-19/USA/CA-CDC-21496385/2021,2021-01-28
hCoV-19/USA/ME-HETL-J1206/2021,2021-01-29
hCoV-19/USA/CT-CDC-2-3774026/2020,2020-12-03
hCoV-19/USA/CA-ALSR-6277/2020,2020-12-30
hCoV-19/USA/NM-CDC-LC00002298/2020,2020-12-31
hCoV-19/USA/MA-MASPHL-01862/2021,2021-02-04
hCoV-19/USA/OH-ODH-SC1034174/2021,2021-01-19
hCoV-19/USA/WY-WPHL-21007478/2021,2021-01-20
hCoV-19/USA/IN-CDC-STM-000007207/2021,2021-01-30
hCoV-19/USA/CA-ALSR-4861/2020,2020-09-09
hCoV-19/USA/WI-WSLH-210333/2020,2020-12-09
hCoV-19/USA/WI-WSLH-211019/2021,2021-01-25
hCoV-19/USA/CA-CDC-21836750/2021,2021-02-04
hCoV-19/USA/CA-CZB-22795/2020,2020-12-28
hCoV-19/USA/CA-CZB-14986/2020,2020-11-18
hCoV-19/USA/AL-HGSC-JEUE/2020,2020-11-17
hCoV-19/USA/TX-CDC-22054780/2021,2021-02-15
hCoV-19/USA/CA-CDPH-UC1546/2020,2020-09-12
hCoV-19/USA/CA-CDC-LC0000851/2020,2020-12-24
hCoV-19/USA/FL-CDC-LC0010286/2021,2021-01-25
hCoV-19/USA/LA-EVTL1159/2020,2020-12-10
hCoV-19/USA/MA-CDC-STM-000010243/2021,2021-02-05
hCoV-19/USA/WI-UW-2576/2021,2021-01-04
hCoV-19/USA/FL-CDC-22118397/2021,2021-02-17
hCoV-19/USA/FL-CDC-22062489/2021,2021-02-16
hCoV-19/USA/NY-Wadsworth-21013800-01/2020,2020-12-18
hCoV-19/USA/UT-UPHL-2102677046/2020,2020-12-29
hCoV-19/USA/TX-HMH-MCoV-15801/2020,2020-09-08
hCoV-19/USA/CA-QDX-3895/2021,2021-01-09
hCoV-19/USA/NV-CDC-LC0009230/2021,2021-01-21
hCoV-19/USA/TX-HMH-MCoV-22218/2021,2021-01-09
hCoV-19/USA/MD-CDC-2-3912201/2020,2020-12-28
hCoV-19/USA/NM-DOH-2020631623/2020,2020-12-19
hCoV-19/USA/CA-IGI-2837/2020,2020-12-29
hCoV-19/USA/CA-CZB-19889/2021,2021-01-12
hCoV-19/USA/CA-CZB-18469/2021,2021-01-05
hCoV-19/USA/ND-NDDH-0155/2021,2021-01-26
hCoV-19/USA/MD-HP02105/2021,2021-01-29
hCoV-19/USA/AL-HGSC-JHKM/2021,2021-01-26
hCoV-19/USA/WI-WSLH-200997/2020,2020-10-06
hCoV-19/USA/TX-HMH-MCoV-21765/2021,2021-01-09
hCoV-19/USA/OR-OHSU-5184/2020,2020-11-16
hCoV-19/USA/NC-UNC-0151/2021,2021-02-12
hCoV-19/USA/AL-HGSC-JFYP/2020,2020-12-03
hCoV-19/USA/WI-WSLH-201665/2020,2020-10-15
hCoV-19/USA/PR-CDC-S123/2020,2020-10-02
hCoV-19/USA/CA-UCSF-JD551/2021,2021-01-18
hCoV-19/USA/NY-Wadsworth-21017526-01/2021,2021-02-01
hCoV-19/USA/CA-CDPH-UC640/2020,2020-12-21
hCoV-19/USA/NY-PRL-2021_02_10_02A07/2021,2021-02-08
hCoV-19/USA/NY-Wadsworth-21008934-01/2021,2021-01-12
hCoV-19/USA/MN-MDH-2731/2021,2021-01-16
hCoV-19/USA/FL-CDC-STM-000008138/2021,2021-01-10
hCoV-19/USA/NY-NYCPHL-002291/2021,2021-01-07
hCoV-19/USA/IL-NM-3836/2020,2020-11-21
hCoV-19/USA/CA-UCSF-UC964/2021,2021-01-07
hCoV-19/USA/WY-WPHL-21012998/2021,2021-02-08
hCoV-19/USA/TX-HMH-MCoV-15194/2020,2020-10-19
hCoV-19/USA/AL-HGSC-JFBR/2020,2020-11-25
hCoV-19/USA/WI-UW-1579/2020,2020-09-17
hCoV-19/USA/WI-WSLH-211277/2021,2021-02-10
hCoV-19/USA/MN-GMF-43169/2020,2020-12-18
hCoV-19/USA/MD-HP01420/2021,2021-01-20
hCoV-19/USA/TX-HMH-MCoV-22840/2020,2020-12-28
hCoV-19/USA/LA-EVTL1960/2020,2020-11-23
hCoV-19/USA/AZ-CDC-21456638/2021,2021-01-23
hCoV-19/USA/TX-HMH-MCoV-18045/2020,2020-11-13
hCoV-19/USA/NY-Wadsworth-21008404-01/2021,2021-01-03
hCoV-19/USA/NM-DOH-2021014670/2021,2021-01-09
hCoV-19/USA/CA-CZB-15946/2020,2020-11-30
hCoV-19/USA/TX-HMH-MCoV-19526/2020,2020-11-17
hCoV-19/USA/WA-S2819/2020,2020-09-07
hCoV-19/USA/WI-GMF-24022/2020,2020-10-04
hCoV-19/USA/FL-CDC-22061633/2021,2021-02-16
hCoV-19/USA/IL-IDPH-I-000085/2020,2020-10-15
hCoV-19/USA/MO-CDC-21673308/2021,2021-02-02
hCoV-19/USA/NC-CDC-LC0016657/2021,2021-02-10
hCoV-19/USA/NY-Wadsworth-21015610-01/2021,2021-01-20
hCoV-19/USA/NY-Wadsworth-21001722-01/2020,2020-12-20
hCoV-19/USA/CA-CZB-16946/2020,2020-12-12
hCoV-19/USA/CA-ALSR-6771/2021,2021-01-27
hCoV-19/USA/WA-UW-49594/2020,2020-12-20
hCoV-19/USA/NY-PRL-2021_0202_02A06/2021,2021-01-29
hCoV-19/USA/SC-CDC-STM-A100230/2021,2021-01-04
hCoV-19/USA/TX-HMH-MCoV-15072/2020,2020-10-18
hCoV-19/USA/MA-MASPHL-00786/2020,2020-09-27
hCoV-19/USA/WI-UW-1565/2020,2020-09-16
hCoV-19/USA/IN-CDC-STM-000008279/2021,2021-01-09
hCoV-19/USA/FL-CDC-22118491/2021,2021-02-16
hCoV-19/USA/MD-MDH-0272/2020,2020-10-13
hCoV-19/USA/TX-HMH-MCoV-21793/2021,2021-01-08
hCoV-19/USA/SC-USAFSAM-S0304/2021,2021-01-19
hCoV-19/USA/TX-HMH-MCoV-14808/2020,2020-10-13
hCoV-19/USA/AZ-ASPHL-3127/2020,2020-12-16
hCoV-19/USA/CA-CDC-21612768/2021,2021-02-01
hCoV-19/USA/NC-UNC-LCCC0270/2020,2020-12-17
hCoV-19/USA/TX-HMH-MCoV-20263/2021,2021-01-04
hCoV-19/USA/OR-OHSU-4378/2020,2020-11-04
hCoV-19/USA/TX-HMH-MCoV-24288/2021,2021-01-16
hCoV-19/USA/NH-CDC-LC0014617/2021,2021-02-09
hCoV-19/USA/TX-HMH-MCoV-22650/2020,2020-12-31
hCoV-19/USA/CA-ALSR-3332/2020,2020-09-17
hCoV-19/USA/TX-HMH-MCoV-23049/2021,2021-01-11
hCoV-19/USA/MA-Broad_CRSP-00387/2021,2021-01-07
hCoV-19/USA/NY-AECOM_134/2020,2020-10-14
hCoV-19/USA/NY-Wadsworth-21006619-01/2021,2021-01-11
hCoV-19/USA/MN-CDC-2-3713988/2020,2020-11-09
hCoV-19/USA/SC-CDC-LC0015227/2021,2021-02-10
hCoV-19/USA/TX-HMH-MCoV-23885/2021,2021-01-14
hCoV-19/USA/GA-CDC-2-3865048/2021,2021-01-25
hCoV-19/USA/TX-HMH-MCoV-15364/2020,2020-10-21
hCoV-19/USA/TX-HMH-MCoV-11233/2020,2020-09-03
hCoV-19/USA/TX-HMH-MCoV-20050/2021,2021-01-03
hCoV-19/USA/CA-CHLA-PLM87213925/2020,2020-11-13
hCoV-19/USA/AL-Jefferson-JEGG/2020,2020-11-03
hCoV-19/USA/PA-CDC-STM-000007819/2021,2021-01-30
hCoV-19/USA/UT-UPHL-2012095441/2020,2020-09-09
hCoV-19/USA/NY-NYCPHL-002417/2021,2021-01-13
hCoV-19/USA/IN-CDC-LC0015701/2021,2021-02-09
hCoV-19/USA/NY-Wadsworth-21017493-01/2021,2021-02-02
hCoV-19/USA/NY-NYCPHL-001878/2020,2020-12-21
hCoV-19/USA/NMDOH-2020322355/2020,2020-09-01
hCoV-19/USA/MA-CDC-STM-000009842/2021,2021-02-05
hCoV-19/USA/AZ-ASPHL-3568/2021,2021-01-21
hCoV-19/USA/NM-UNM-EDB0028/2021,2021-01-08
hCoV-19/USA/TX-CDC-9MO2-8887/2021,2021-01-19
hCoV-19/USA/IL-IDPH-I-000568/2020,2020-12-11
hCoV-19/USA/HI-CDC-2-3911118/2020,2020-12-07
hCoV-19/USA/TX-HMH-MCoV-23263/2021,2021-01-12
hCoV-19/USA/NY-NYCPHL-001922/2020,2020-12-23
hCoV-19/USA/TX-HMH-MCoV-20166/2021,2021-01-03
hCoV-19/USA/MD-MDH-1107/2021,2021-02-10
hCoV-19/USA/NY-Wadsworth-226226-01/2020,2020-09-23
hCoV-19/USA/NH-CDC-2-3714186/2020,2020-11-02
hCoV-19/USA/NM-DOH-2021020966/2021,2021-01-13
hCoV-19/USA/MN-MDH-2559/2021,2021-01-05
hCoV-19/USA/CA-CDC-STM-000003507/2021,2021-01-19
hCoV-19/USA/MA-MGH-03740/2020,2020-12-23
hCoV-19/USA/CA-QDX-4340/2021,2021-01-14
hCoV-19/USA/CA-CZB-12870/2020,2020-10-15
hCoV-19/USA/CA-CZB-19204/2020,2020-12-09
hCoV-19/USA/MD-MDH-0637/2021,2021-01-10
hCoV-19/USA/TX-HMH-MCoV-24729/2021,2021-01-18
hCoV-19/USA/NY-PRL-2021_0205_00C02/2021,2021-02-02
hCoV-19/USA/NY-PRL-2021_0205_03D02/2021,2021-02-03
hCoV-19/USA/CA-CDC-STM-000005482/2021,2021-01-27
hCoV-19/USA/TX-HMH-MCoV-23731/2021,2021-01-14
hCoV-19/USA/NY-Wadsworth-292768-01/2020,2020-12-27
hCoV-19/USA/OR-OHSU-4351/2020,2020-11-04
hCoV-19/USA/KS-KHEL-0359/2020,2020-12-31
hCoV-19/USA/CA-UCSF-UC835/2020,2020-12-22
hCoV-19/USA/TX-HMH-MCoV-11855/2020,2020-09-16
hCoV-19/USA/WY-WPHL-20150313/2020,2020-11-24
hCoV-19/USA/CO-CDPHE-2100345276/2021,2021-02-04
hCoV-19/USA/NE-USAFSAM-S0715/2021,2021-02-05
hCoV-19/USA/NY-Wadsworth-21001040-01/2021,2021-01-01
hCoV-19/USA/WI-WSLH-201264/2020,2020-09-16
hCoV-19/USA/MA-MGH-03512/2020,2020-11-25
hCoV-19/USA/LA-EVTL1156/2020,2020-12-10
hCoV-19/USA/MA-MGH-03407/2020,2020-12-07
hCoV-19/USA/TX-HMH-MCoV-25070/2021,2021-01-20
hCoV-19/USA/KS-CDC-LC0003223/2021,2021-01-10
hCoV-19/USA/NC-UNC-0183/2021,2021-02-08
hCoV-19/USA/TX-HMH-MCoV-19771/2020,2020-11-16
hCoV-19/USA/CA-CDC-21495693/2021,2021-01-28
hCoV-19/USA/AZ-CDC-STM-000012063/2021,2021-02-08
hCoV-19/USA/CA-UCSF-JD368/2021,2021-01-20
hCoV-19/USA/OH-CDC-22018984/2021,2021-02-10
hCoV-19/USA/NV-CDC-21490430/2021,2021-01-27
hCoV-19/USA/WY-WPHL-21013221/2021,2021-02-08
hCoV-19/USA/ND-NDDH-0051/2021,2021-01-05
hCoV-19/USA/CO-CDPHE-2100261001/2021,2021-01-20
hCoV-19/USA/NM-CDC-LC0004159/2021,2021-01-03
hCoV-19/USA/MA-CDC-STM-000001619/2021,2021-01-11
hCoV-19/USA/VA-DCLS-2766/2020,2020-12-21
hCoV-19/USA/MD-HP01349/2021,2021-01-15
hCoV-19/USA/CA-CZB-17513/2020,2020-12-16
hCoV-19/USA/CA-CDPH-UC1283/2020,2020-12-18
hCoV-19/USA/AL-HGSC-JIDR/2021,2021-02-05
hCoV-19/USA/MI-MDHHS-SC22763/2020,2020-11-07
hCoV-19/USA/CA-CDC-LC00000830/2020,2020-12-24
hCoV-19/USA/MI-UM-10038242906/2021,2021-02-09
hCoV-19/USA/WI-UW-2583/2021,2021-01-04
hCoV-19/USA/WI-WSLH-211300/2021,2021-02-02
hCoV-19/USA/WA-CDC-STM-000003153/2021,2021-01-14
hCoV-19/USA/WY-WPHL-20167677/2020,2020-12-17
hCoV-19/USA/CA-CDC-21497122/2021,2021-01-28
hCoV-19/USA/PA-CDC-22032484/2021,2021-02-13
hCoV-19/USA/CA-CZB-11690/2020,2020-09-28
hCoV-19/USA/CA-CDPH-UC504/2020,2020-12-03
hCoV-19/USA/TX-HMH-MCoV-24880/2021,2021-01-26
hCoV-19/USA/TX-HMH-MCoV-21889/2021,2021-01-08
hCoV-19/USA/TX-HMH-MCoV-18781/2020,2020-11-23
hCoV-19/USA/UT-UPHL-2101886530/2020,2020-12-15
hCoV-19/USA/WV-CDC-LC00002362/2021,2021-01-01
hCoV-19/USA/OR-OHSU-6519/2020,2020-11-29
hCoV-19/USA/IL-IDPH-I-000125/2020,2020-10-08
hCoV-19/USA/IL-QDX-3680/2021,2021-01-07
hCoV-19/USA/CA-UCSF-JD407/2021,2021-01-24
hCoV-19/USA/CA-CDC-22060788/2021,2021-02-08
hCoV-19/USA/TX-HMH-MCoV-24429/2021,2021-01-17
hCoV-19/USA/FL-CDC-STM-P007/2020,2020-12-19
hCoV-19/USA/TX-HMH-MCoV-18154/2020,2020-11-12
hCoV-19/USA/NY-PRL-2021_02_19_01N07/2021,2021-02-17
hCoV-19/USA/TX-HMH-MCoV-16166/2020,2020-10-29
hCoV-19/USA/CA-CZB-12345/2020,2020-10-12
hCoV-19/USA/TX-HMH-MCoV-20719/2021,2021-01-05
hCoV-19/USA/CA-UCSF-JD417/2021,2021-01-17
hCoV-19/USA/CA-UCSF-JD131/2021,2021-01-18
hCoV-19/USA/CA-CDC-LC0016856/2021,2021-02-10
hCoV-19/USA/TX-CDC-21992220/2021,2021-02-10
hCoV-19/USA/MA-Broad_CRSP-00821/2021,2021-01-28
hCoV-19/USA/CA-SC20071/2020,2020-12-08
hCoV-19/USA/MD-HP01122/2021,2021-01-12
hCoV-19/USA/ND-USAFSAM-S0620/2021,2021-01-20
hCoV-19/USA/MN-MDH-2276/2020,2020-12-27
hCoV-19/USA/TX-HMH-MCoV-11784/2020,2020-09-14
hCoV-19/USA/NY-Wadsworth-292752-01/2020,2020-12-20
hCoV-19/USA/CA-QDX-4374/2021,2021-01-14
hCoV-19/USA/NC-CDC-LC0010029/2021,2021-01-23
hCoV-19/USA/AL-Hale-JEAC/2020,2020-10-28
hCoV-19/USA/MI-UM-10036882297/2020,2020-11-10
hCoV-19/USA/NH-QDX-3875/2021,2021-01-07
hCoV-19/USA/CA-ALSR-6513/2020,2020-12-10
hCoV-19/USA/CA-CDPH-UC1412/2021,2021-01-04
hCoV-19/USA/WI-UW-1877/2020,2020-09-11
hCoV-19/USA/OR-CDC-21804122/2021,2021-02-04
hCoV-19/USA/NY-NYCPHL-001605/2020,2020-12-04
hCoV-19/USA/AK-CDC-2-3829838/2021,2021-01-06
hCoV-19/USA/VA-CDC-21399110/2021,2021-01-23
hCoV-19/USA/WI-WSLH-201909/2020,2020-12-06
hCoV-19/USA/IN-CDC-STM-000004227/2021,2021-01-21
hCoV-19/USA/CA-CSMC312/2020,2020-11-22
hCoV-19/USA/VA-CDC-LC0000473/2020,2020-12-27
hCoV-19/USA/NC-UNC-LCCC0304/2021,2021-01-18
hCoV-19/USA/PA-CDC-LC00002756/2021,2021-01-04
hCoV-19/USA/NY-Wadsworth-21017529-01/2021,2021-02-02
hCoV-19/USA/WA-S5110/2021,2021-02-21
hCoV-19/USA/WI-WSLH-210953/2021,2021-01-28
hCoV-19/USA/MI-UM-10036490199/2020,2020-10-16
hCoV-19/USA/CA-CZB-12811/2020,2020-09-09
hCoV-19/USA/NY-NYCPHL-002220/2021,2021-01-05
hCoV-19/USA/TX-HMH-MCoV-15390/2020,2020-10-22
hCoV-19/USA/WI-GMF-34826/2020,2020-11-16
hCoV-19/USA/KY-CDC-LC0018241/2021,2021-02-14
hCoV-19/USA/VA-CDC-LC0010187/2021,2021-01-25
hCoV-19/USA/KS-KHEL-0182/2021,2021-02-09
hCoV-19/USA/SD-CDC-LC0003219/2021,2021-01-10
hCoV-19/USA/CA-CZB-19384/2021,2021-01-04
hCoV-19/USA/CA-CDC-STM-000010458/2021,2021-02-08
hCoV-19/USA/TX-HMH-MCoV-24014/2021,2021-01-16
hCoV-19/USA/MD-MDH-1047/2021,2021-02-13
hCoV-19/USA/NV-NSPHL-319780/2020,2020-12-31
hCoV-19/USA/TX-HMH-MCoV-21510/2021,2021-01-06
hCoV-19/USA/TX-HMH-MCoV-24877/2021,2021-01-20
hCoV-19/USA/CA-CZB-17253/2020,2020-12-22
hCoV-19/USA/NC-CDC-LC00002712/2021,2021-01-03
hCoV-19/USA/NY-Wadsworth-21011146-01/2021,2021-01-10
hCoV-19/USA/WY-WPHL-21002795/2021,2021-01-07
hCoV-19/USA/CA-CHLA-PLM06578113/2020,2020-11-30
hCoV-19/USA/VA-DCLS-2684/2020,2020-12-08
hCoV-19/USA/NY-PRL-2021_02_12_04F07/2021,2021-02-09
hCoV-19/USA/AL-Madison-JFKS/2020,2020-12-01
hCoV-19/USA/OH-CDC-STM-000003632/2021,2021-01-18
hCoV-19/USA/TX-HMH-MCoV-21705/2021,2021-01-08
hCoV-19/USA/MN-MDH-1725/2020,2020-09-16
hCoV-19/USA/TX-HMH-MCoV-23864/2021,2021-01-14
hCoV-19/USA/CA-ALSR-6795/2020,2020-12-28
hCoV-19/USA/VA-CDC-LC00000699/2020,2020-12-27
hCoV-19/USA/TX-HMH-MCoV-24421/2021,2021-01-17
hCoV-19/USA/CA-LACPHL-AF00448/2021,2021-01-19
hCoV-19/USA/CA-ALSR-6360/2021,2021-01-12
hCoV-19/USA/HI-H200480/2020,2020-09-10
hCoV-19/USA/CA-CDC-21796153/2021,2021-02-08
hCoV-19/USA/ME-HETL-J0584/2020,2020-12-26
hCoV-19/USA/WI-UW-1412/2020,2020-09-04
hCoV-19/USA/ME-HETL-J0485/2020,2020-12-30
hCoV-19/USA/GA-CDC-7516/2020,2020-10-23
hCoV-19/USA/OR-OHSU-5160/2020,2020-11-14
hCoV-19/USA/MA-CDC-STM-000005056/2021,2021-01-22
hCoV-19/USA/MD-MDH-0887/2021,2021-01-25
hCoV-19/USA/LA-EVTL1348/2020,2020-12-11
hCoV-19/USA/PA-CDC-STM-000003009/2021,2021-01-15
hCoV-19/USA/CO-CDPHE-2011020335/2020,2020-11-01
hCoV-19/USA/KS-KHEL-0164/2021,2021-02-04
hCoV-19/USA/WI-UW-1829/2020,2020-09-09
hCoV-19/USA/TX-HMH-MCoV-24316/2021,2021-01-15
hCoV-19/USA/AL-St.Clair-JDWG/2020,2020-10-08
hCoV-19/USA/NC-CDC-STM-000010504/2021,2021-02-07
hCoV-19/USA/MD-MDH-0810/2021,2021-01-28
hCoV-19/USA/CA-CDPH-UC1408/2020,2020-12-29
hCoV-19/USA/WY-WPHL-20172355/2020,2020-12-30
hCoV-19/USA/CA-QDX-2857/2020,2020-12-26
hCoV-19/USA/UT-UPHL-2102050194/2020,2020-12-31
hCoV-19/USA/MA-MASPHL-00748/2020,2020-09-21
hCoV-19/USA/VA-DCLS-2183/2020,2020-11-09
hCoV-19/USA/OR-OHSU-3779/2020,2020-10-26
hCoV-19/USA/NY-PRL-2021_02_17_01M22/2021,2021-02-16
hCoV-19/USA/TX-HMH-MCoV-24170/2021,2021-01-15
hCoV-19/USA/MI-UM-10036878263/2020,2020-11-10
hCoV-19/USA/NE-CDC-2-3851533/2021,2021-01-20
hCoV-19/USA/TX-HMH-MCoV-24499/2021,2021-01-18
hCoV-19/USA/NY-Wadsworth-21004241-01/2020,2020-12-31
hCoV-19/USA/MD-HP12065/2020,2020-11-27
hCoV-19/USA/AL-HGSC-JGFI/2020,2020-12-07
hCoV-19/USA/WI-WSLH-201363/2020,2020-09-28
hCoV-19/USA/TX-HMH-MCoV-18308/2020,2020-11-17
hCoV-19/USA/AL-Cullman-JEDY/2020,2020-10-30
hCoV-19/USA/MO-CDC-LC0000087/2020,2020-12-24
hCoV-19/USA/CA-CZB-16017/2020,2020-11-24
hCoV-19/USA/LA-EVTL2111/2021,2021-02-12
hCoV-19/USA/NY-UB-00440/2020,2020-12-23
hCoV-19/USA/MI-UM-10036858527/2020,2020-11-09
hCoV-19/USA/MD-HP01302/2021,2021-01-14
hCoV-19/USA/FL-BPHL-1566/2020,2020-09-14
hCoV-19/USA/CA-ALSR-6403/2021,2021-01-16
hCoV-19/USA/MN-MDH-2921/2021,2021-01-27
hCoV-19/USA/IL-IDPH-I-000599/2020,2020-11-25
hCoV-19/USA/KS-KHEL-0357/2020,2020-12-31
hCoV-19/USA/TX-HMH-MCoV-24046/2021,2021-01-15
hCoV-19/USA/CA-QDX-3812/2021,2021-01-15
hCoV-19/USA/UT-UPHL-2102702084/2021,2021-01-04
hCoV-19/USA/IL-CDC-22030710/2021,2021-02-10
hCoV-19/USA/ME-HETL-J0688/2021,2021-01-04
hCoV-19/USA/CA-PROV-869/2020,2020-12-23
hCoV-19/USA/FL-CDC-STM-000012882/2021,2021-02-11
hCoV-19/USA/NY-Wadsworth-21010241-01/2021,2021-01-11
hCoV-19/USA/TX-HMH-MCoV-19993/2021,2021-01-02
hCoV-19/USA/FL-CDC-LC0006276/2021,2021-01-18
hCoV-19/USA/VA-CDC-LC0013724/2021,2021-02-02
hCoV-19/USA/TX-HMH-MCoV-14413/2020,2020-10-08
hCoV-19/USA/NV-NSPHL-UMC57/2021,2021-01-27
hCoV-19/USA/GA-CDC-STM-000003048/2021,2021-01-15
hCoV-19/USA/UT-UPHL-2012061031/2020,2020-11-27
hCoV-19/USA/KS-CDC-LC0002420/2021,2021-01-02
hCoV-19/USA/TX-CDC-21991609/2021,2021-02-13
hCoV-19/USA/MD-MDH-1095/2021,2021-02-10
hCoV-19/USA/AL-HGSC-JFRE/2020,2020-12-02
hCoV-19/USA/FL-CDC-STM-000012895/2021,2021-02-11
hCoV-19/USA/TX-HMH-MCoV-15296/2020,2020-10-19
hCoV-19/USA/FL-CDC-STM-000003073/2021,2021-01-16
hCoV-19/USA/MI-UM-10037677223/2021,2021-01-05
hCoV-19/USA/GA-CDC-LC0009969/2021,2021-01-25
hCoV-19/USA/NY-Wadsworth-21011339-01/2021,2021-01-12
hCoV-19/USA/CA-CZB-18435/2020,2020-11-10
hCoV-19/USA/LA-CDC-LC0010051/2021,2021-01-25
hCoV-19/USA/PA-CDC-STM-000008818/2021,2021-01-31
hCoV-19/USA/WI-GMF-24835/2020,2020-10-09
hCoV-19/USA/MD-MDH-0735/2021,2021-01-20
hCoV-19/USA/CT-CDC-LC0012139/2021,2021-01-29
hCoV-19/USA/TX-CDC-22052774/2021,2021-02-14
hCoV-19/USA/TX-HMH-MCoV-20823/2021,2021-01-02
hCoV-19/USA/GA-CDC-STM-000010257/2021,2021-02-06
hCoV-19/USA/CO-CDPHE-2100449075/2021,2021-02-16
hCoV-19/USA/LA-EVTL1597/2021,2021-01-04
hCoV-19/USA/HI-H210921/2021,2021-01-15
hCoV-19/USA/MD-MDH-0913/2021,2021-02-03
hCoV-19/USA/CA-QDX-4287/2021,2021-01-15
hCoV-19/USA/NY-Wadsworth-21006373-01/2021,2021-01-03
hCoV-19/USA/TX-HMH-MCoV-23599/2021,2021-01-13
hCoV-19/USA/NY-Wadsworth-224393-01/2020,2020-09-22
hCoV-19/USA/WI-UW-2497/2020,2020-12-30
hCoV-19/USA/NJ-PHEL-21-4098/2021,2021-01-29
hCoV-19/USA/MA-MGH-04068/2021,2021-01-30
hCoV-19/USA/TX-HMH-MCoV-24768/2021,2021-01-18
hCoV-19/USA/TX-HMH-MCoV-16096/2020,2020-10-30
hCoV-19/USA/NJ-PHEL-P20-12982/2020,2020-12-30
hCoV-19/USA/NY-NYULH289/2021,2021-01-29
hCoV-19/USA/OH-CDC-LC0013436/2021,2021-01-30
hCoV-19/USA/CA-UCSF-UC923/2021,2021-01-03
hCoV-19/USA/CO-CDPHE-2100391761/2021,2021-02-06
hCoV-19/USA/AL-Cullman-JDTR/2020,2020-10-06
hCoV-19/USA/NY-Wadsworth-21010139-01/2020,2020-12-21
hCoV-19/USA/GA-CDC-LC0001215/2020,2020-12-27
hCoV-19/USA/TX-HMH-MCoV-14507/2020,2020-10-09
hCoV-19/USA/MA-CDC-21991608/2021,2021-02-11
hCoV-19/USA/TX-CDC-21988033/2021,2021-02-12
hCoV-19/USA/TX-HMH-MCoV-18537/2020,2020-11-19
hCoV-19/USA/MI-UM-10036993206/2020,2020-11-17
hCoV-19/USA/WA-S3170/2020,2020-11-19
hCoV-19/USA/IN-CDC-LC0002053/2020,2020-12-27
hCoV-19/USA/NJ-CDC-LC00000564/2020,2020-12-27
hCoV-19/USA/AZ-CDC-LC00000181/2020,2020-12-26
hCoV-19/USA/WI-WSLH-210134/2021,2021-01-07
hCoV-19/USA/CA-QDX-3882/2021,2021-01-08
hCoV-19/USA/NM-CDC-LC0003414/2021,2021-01-10
hCoV-19/USA/MS-CDC-6553/2020,2020-09-03
hCoV-19/USA/AZ-TG710960/2021,2021-01-01
hCoV-19/USA/TX-HMH-MCoV-17970/2020,2020-11-16
hCoV-19/USA/ME-HETL-J1596/2021,2021-02-11
hCoV-19/USA/NY-Wadsworth-21007308-01/2021,2021-01-06
hCoV-19/USA/MT-BHDH-226/2021,2021-02-11
hCoV-19/USA/MN-MDH-2423/2020,2020-12-04
hCoV-19/USA/MD-MDH-0831/2021,2021-01-29
hCoV-19/USA/NY-PRL-2021_02_12_04B10/2021,2021-02-09
hCoV-19/USA/OR-OHSU-9116/2020,2020-12-21
hCoV-19/USA/WA-UW-26862/2020,2020-09-01
hCoV-19/USA/FL-CDC-STM-000002476/2021,2021-01-13
hCoV-19/USA/FL-BPHL-2878/2020,2020-09-17
hCoV-19/USA/WI-UW-1781/2020,2020-09-14
hCoV-19/USA/MD-MDH-0252/2020,2020-10-05
hCoV-19/USA/CA-CSMC317/2020,2020-12-26
hCoV-19/USA/NY-NYCPHL-002510/2021,2021-01-15
hCoV-19/USA/UT-UPHL-2012619954/2020,2020-11-30
hCoV-19/USA/MN-MDH-2592/2021,2021-01-02
hCoV-19/USA/VA-CDC-LC0008214/2021,2021-01-20
hCoV-19/USA/CA-ALSR-6171/2021,2021-01-07
hCoV-19/USA/FL-CDC-LC00001083/2020,2020-12-26
hCoV-19/USA/WI-UW-1606/2020,2020-09-25
hCoV-19/USA/TX-HMH-MCoV-18224/2020,2020-11-16
hCoV-19/USA/NJ-CDC-LC0013316/2021,2021-02-02
hCoV-19/USA/TX-HMH-MCoV-25238/2021,2021-01-20
hCoV-19/USA/CA-CDC-LC0013768/2021,2021-02-01
hCoV-19/USA/IL-NM-4803/2020,2020-12-19
hCoV-19/USA/CA-ALSR-6583/2021,2021-01-19
hCoV-19/USA/AZ-ASPHL-3537/2021,2021-01-19
hCoV-19/USA/MA-CDC-21994903/2021,2021-02-11
hCoV-19/USA/WY-WPHL-21000138/2021,2021-01-02
hCoV-19/USA/NMDOH-2020460968/2020,2020-10-28
hCoV-19/USA/MI-UM-10035849697/2020,2020-09-08
hCoV-19/USA/TX-HMH-MCoV-19576/2020,2020-11-28
hCoV-19/USA/MA-MASPHL-01793/2021,2021-02-02
hCoV-19/USA/OH-CDC-22118187/2021,2021-02-16
hCoV-19/USA/OH-CDC-LC0002372/2021,2021-01-02
hCoV-19/USA/TX-CDC-22054495/2021,2021-02-15
hCoV-19/USA/TX-HMH-MCoV-15618/2020,2020-10-26
hCoV-19/USA/CA-CZB-15055/2020,2020-11-18
hCoV-19/USA/AL-Talladega-JDXF/2020,2020-10-16
hCoV-19/USA/CA-ALSR-4404/2020,2020-10-19
hCoV-19/USA/MI-UM-10038131441/2021,2021-02-02
hCoV-19/USA/HI-H210910/2020,2020-12-29
hCoV-19/USA/TX-HMH-MCoV-23492/2021,2021-01-13
hCoV-19/USA/CA-CDC-21796059/2021,2021-02-07
hCoV-19/USA/TX-HMH-MCoV-20080/2021,2021-01-04
hCoV-19/USA/MD-CDC-LC0009680/2021,2021-01-25
hCoV-19/USA/VA-DCLS-2686/2020,2020-12-08
hCoV-19/USA/CA-CZB-14841/2020,2020-11-20
hCoV-19/USA/NV-CDC-LC0012606/2021,2021-02-01
hCoV-19/USA/IA-CDC-LC0012002/2021,2021-01-29
hCoV-19/USA/TX-HMH-MCoV-24318/2021,2021-01-16
hCoV-19/USA/CA-CDC-21613765/2021,2021-01-31
hCoV-19/USA/AL-HGSC-JFDB/2020,2020-11-27
hCoV-19/USA/MD-MDH-0854/2021,2021-01-25
hCoV-19/USA/WI-UW-1615/2020,2020-09-24
hCoV-19/USA/AL-HGSC-JGDH/2020,2020-12-04
hCoV-19/USA/TX-HHD-4518068/2021,2021-01-29
hCoV-19/USA/WA-UW-60280/2021,2021-01-29
hCoV-19/USA/FL-CDC-LC0010091/2021,2021-01-25
hCoV-19/USA/KY-KSPHL-100102/2020,2020-12-09
hCoV-19/USA/CA-ACPHD-00061/2020,2020-12-03
hCoV-19/USA/WY-WPHL-21000513/2021,2021-01-04
hCoV-19/USA/HI-H210791/2020,2020-12-04
hCoV-19/USA/WA-S4404/2020,2020-11-16
hCoV-19/USA/AL-CDC-LC0012955/2021,2021-02-01
hCoV-19/USA/FL-BPHL-3065/2020,2020-12-18
hCoV-19/USA/GA-CDC-7519/2020,2020-10-23
hCoV-19/USA/AZ-ASPHL-3301/2020,2020-12-28
hCoV-19/USA/CA-CZB-19418/2021,2021-01-04
hCoV-19/USA/CA-LACPHL-AF00223/2021,2021-01-08
hCoV-19/USA/MD-MDH-0684/2021,2021-01-13
hCoV-19/USA/FL-BPHL-2792/2020,2020-10-14
hCoV-19/USA/NY-Wadsworth-21010193-01/2021,2021-01-17
hCoV-19/USA/TX-HMH-MCoV-19950/2021,2021-01-02
hCoV-19/USA/PR-CDC-LC0003991/2021,2021-01-13
hCoV-19/USA/LA-EVTL1844/2020,2020-10-16
hCoV-19/USA/NY-NYCPHL-002231/2021,2021-01-05
hCoV-19/USA/CA-CZB-11818/2020,2020-10-01
hCoV-19/USA/VA-DCLS-3165/2021,2021-01-25
hCoV-19/USA/CA-CZB-16147/2020,2020-12-01
hCoV-19/USA/NC-UNC-LCCC0289/2021,2021-01-12
hCoV-19/USA/IA-CDC-LC0012014/2021,2021-01-29
hCoV-19/USA/CA-CDC-22061368/2021,2021-02-08
hCoV-19/USA/MI-UM-10036762637/2020,2020-11-03
hCoV-19/USA/MI-UM-10038240236/2021,2021-02-09
hCoV-19/USA/MS-CDC-LC0009859/2021,2021-01-25
hCoV-19/USA/WA-UW-47280/2020,2020-12-07
hCoV-19/USA/CA-ALSR-6489/2020,2020-11-19
hCoV-19/USA/WA-UW-48596/2020,2020-12-27
hCoV-19/USA/NY-Wadsworth-21001625-01/2021,2021-01-05
hCoV-19/USA/TX-HMH-MCoV-20228/2021,2021-01-01
hCoV-19/USA/TN-CDC-2-3693461/2020,2020-11-25
hCoV-19/USA/WY-WPHL-21011350/2021,2021-01-15
hCoV-19/USA/NM-DOH-2020649858/2020,2020-12-30
hCoV-19/USA/LA-CDC-LC0005017/2021,2021-01-05
hCoV-19/USA/GA-CDC-STM-000008061/2021,2021-01-08
hCoV-19/USA/HI-H200441/2020,2020-10-07
hCoV-19/USA/NY-MSHSPSP-PV21190/2020,2020-10-13
hCoV-19/USA/AZ-TG707067/2020,2020-12-29
hCoV-19/USA/NY-NYCPHL-001659/2020,2020-12-08
hCoV-19/USA/KY-QDX-4197/2021,2021-01-15
hCoV-19/USA/TX-CDC-21490661/2021,2021-01-23
hCoV-19/USA/CA-CDC-22058020/2021,2021-02-11
hCoV-19/USA/TX-HMH-MCoV-20874/2021,2021-01-04
hCoV-19/USA/WA-S4508/2021,2021-01-19
hCoV-19/USA/WI-UW-1284/2020,2020-09-11
hCoV-19/USA/CA-CDPH-UC1304/2020,2020-12-18
hCoV-19/USA/NY-Wadsworth-21007331-01/2021,2021-01-07
hCoV-19/USA/TX-HMH-MCoV-21369/2020,2020-12-29
hCoV-19/USA/AZ-TG710926/2021,2021-01-16
hCoV-19/USA/AL-Mobile-JFDX/2020,2020-11-27
hCoV-19/USA/WI-WSLH-210142/2021,2021-01-08
hCoV-19/USA/NC-QDX-4483/2020,2020-09-17
hCoV-19/USA/TX-HMH-MCoV-24249/2021,2021-01-16
hCoV-19/USA/WY-WPHL-21012789/2021,2021-02-05
hCoV-19/USA/WI-UW-1501/2020,2020-09-14
hCoV-19/USA/MI-UM-10037974583/2021,2021-01-23
hCoV-19/USA/NY-Wadsworth-21010209-01/2020,2020-12-21
hCoV-19/USA/TX-HMH-MCoV-22356/2021,2021-01-10
hCoV-19/USA/WA-S4160/2020,2020-11-27
hCoV-19/USA/MN-MDH-2159/2020,2020-12-02
hCoV-19/USA/MN-MDH-2695/2021,2021-01-31
hCoV-19/USA/IL-CDC-LC0001919/2020,2020-12-26
hCoV-19/USA/HI-H200486/2020,2020-09-24
hCoV-19/USA/WI-GMF-26493/2020,2020-10-18
hCoV-19/USA/CA-CDC-STM-000002454/2021,2021-01-14
hCoV-19/USA/MN-MDH-2144/2020,2020-11-09
hCoV-19/USA/WI-UW-2771/2020,2020-12-31
hCoV-19/USA/VA-DCLS-2317/2020,2020-10-22
hCoV-19/USA/NY-Wadsworth-290375-01/2020,2020-12-19
hCoV-19/USA/GA-CDC-STM-000005674/2021,2021-01-27
hCoV-19/USA/NY-NYCPHL-003397/2021,2021-02-17
hCoV-19/USA/MI-MDHHS-SC23565/2021,2021-01-29
hCoV-19/USA/AZ-CDC-2-3768154/2020,2020-12-14
hCoV-19/USA/CO-CDPHE-2011120805/2020,2020-11-12
hCoV-19/USA/AZ-TG707636/2021,2021-01-04
hCoV-19/USA/OR-OHSU-2854/2020,2020-09-02
hCoV-19/USA/CA-CDC-22060494/2021,2021-02-08
hCoV-19/USA/OR-CDC-2-3693471/2020,2020-11-13
hCoV-19/USA/TX-HMH-MCoV-22746/2020,2020-12-29
hCoV-19/USA/NY-PRL-2021_02_10_03F05/2021,2021-02-07
hCoV-19/USA/NY-NYCPHL-001130/2020,2020-10-26
hCoV-19/USA/NC-USAFSAM-S0015/2021,2021-01-06
hCoV-19/USA/CA-IGI-1134/2020,2020-10-05
hCoV-19/USA/FL-CDC-STM-0000025-F06/2021,2021-01-11
hCoV-19/USA/NY-Wadsworth-290359-01/2020,2020-12-20
hCoV-19/USA/CA-CDC-21612059/2021,2021-01-31
hCoV-19/USA/CA-ALSR-6364/2021,2021-01-13
hCoV-19/USA/TX-HMH-MCoV-22414/2021,2021-01-12
hCoV-19/USA/UT-UPHL-2012838843/2020,2020-11-30
hCoV-19/USA/NH-CDC-LC0000799/2020,2020-12-24
hCoV-19/USA/WI-WSLH-201617/2020,2020-09-30
hCoV-19/USA/MN-MDH-2625/2021,2021-01-10
hCoV-19/USA/MI-UM-10036786992/2020,2020-11-04
hCoV-19/USA/SD-CDC-2-3766714/2020,2020-12-15
hCoV-19/USA/NJ-CDC-2-3769193/2020,2020-12-30
hCoV-19/USA/NY-PRL-2020_1229_01B08/2020,2020-12-27
hCoV-19/USA/CA-IGI-3105/2021,2021-01-26
hCoV-19/USA/CA-CZB-22734/2020,2020-12-21
hCoV-19/USA/TX-HMH-MCoV-21530/2021,2021-01-08
hCoV-19/USA/TX-CDC-STM-0000013-E06/2021,2021-01-14
hCoV-19/USA/TX-HMH-MCoV-22258/2021,2021-01-08
hCoV-19/USA/WI-GMF-23997/2020,2020-10-04
hCoV-19/USA/AL-Limestone-JEHK/2020,2020-11-04
hCoV-19/USA/TX-HMH-MCoV-19587/2020,2020-11-29
hCoV-19/USA/TX-HMH-MCoV-25776/2021,2021-02-02
hCoV-19/USA/TX-HHD-2102100393/2021,2021-01-22
hCoV-19/USA/NY-PRL-2021_02_22_00I04/2021,2021-02-19
hCoV-19/USA/WI-WSLH-200823/2020,2020-09-14
hCoV-19/USA/WY-WPHL-21013539/2021,2021-02-04
hCoV-19/USA/FL-CDC-STM-P058/2020,2020-12-19
hCoV-19/USA/TX-HMH-MCoV-12016/2020,2020-09-17
hCoV-19/USA/MN-MDH-2543/2020,2020-12-31
hCoV-19/USA/MI-UM-10036114941/2020,2020-09-24
hCoV-19/USA/IN-CDC-STM-000005449/2021,2021-01-26
hCoV-19/USA/WA-S3472/2020,2020-11-28
hCoV-19/USA/LA-EVTL1400/2020,2020-12-11
hCoV-19/USA/NM-DOH-2020327064/2020,2020-09-03
hCoV-19/USA/NY-Wadsworth-282089-01/2020,2020-12-01
hCoV-19/USA/CA-QDX-3957/2021,2021-01-08
hCoV-19/USA/FL-CDC-22120656/2021,2021-02-17
hCoV-19/USA/CA-CDC-21874417/2021,2021-02-09
hCoV-19/USA/WA-S2966/2020,2020-09-07
hCoV-19/USA/GA-CDC-7742/2020,2020-10-27
hCoV-19/USA/NY-NYCPHL-002346/2021,2021-01-11
hCoV-19/USA/TX-HMH-MCoV-22176/2021,2021-01-09
hCoV-19/USA/VA-CDC-LC0010179/2021,2021-01-25
hCoV-19/USA/NY-Wadsworth-21008021-01/2021,2021-01-04
hCoV-19/USA/CA-CZB-22921/2020,2020-12-25
hCoV-19/USA/TX-HMH-MCoV-22362/2021,2021-01-11
hCoV-19/USA/CT-Yale-1286/2020,2020-09-03
hCoV-19/USA/WA-CDC-LC00000790/2020,2020-12-24
hCoV-19/USA/WI-GMF-18506/2020,2020-09-02
hCoV-19/USA/VA-DCLS-3174/2021,2021-01-15
hCoV-19/USA/WY-WPHL-20165147/2020,2020-12-14
hCoV-19/USA/CA-CHLA-PLM92463629/2020,2020-11-30
hCoV-19/USA/MN-CDC-LC0015346/2021,2021-02-09
hCoV-19/USA/CA-CZB-19232/2020,2020-12-16
hCoV-19/USA/ME-HETL-J1322/2021,2021-01-31
hCoV-19/USA/NY-PRL-2021_0208_00H11/2021,2021-02-06
hCoV-19/USA/TX-HMH-MCoV-18938/2020,2020-11-26
hCoV-19/USA/NY-PRL-2021_02_22_00L20/2021,2021-02-20
hCoV-19/USA/WY-WPHL-20104077/2020,2020-10-21
hCoV-19/USA/WA-PROV-728/2020,2020-10-29
hCoV-19/USA/VA-DCLS-1902/2020,2020-10-05
hCoV-19/USA/NY-PRL-2021_02_19_00H17/2021,2021-02-16
hCoV-19/USA/TX-HMH-MCoV-24754/2021,2021-01-19
hCoV-19/USA/NY-CDC-22023106/2021,2021-02-10
hCoV-19/USA/NM-UNM-01960/2021,2021-01-23
hCoV-19/USA/OR-OHSU-3801/2020,2020-10-27
hCoV-19/USA/IL-NM-5199/2020,2020-12-26
hCoV-19/USA/CO-CDPHE-2100438118/2021,2021-02-15
hCoV-19/USA/WY-WPHL-21000242/2021,2021-01-02
hCoV-19/USA/CA-CDC-LC00002052/2020,2020-12-27
hCoV-19/USA/CA-CZB-17574/2020,2020-12-17
hCoV-19/USA/NJ-CDC-LC0008931/2021,2021-01-21
hCoV-19/USA/CA-CZB-22949/2020,2020-12-27
hCoV-19/USA/MI-UM-10036799382/2020,2020-11-05
hCoV-19/USA/MI-UM-10038131330/2021,2021-02-02
hCoV-19/USA/TX-HMH-MCoV-21688/2021,2021-01-06
hCoV-19/USA/WI-WSLH-201237/2020,2020-10-30
hCoV-19/USA/CA-CDC-STM-000012365/2021,2021-02-11
hCoV-19/USA/AL-HGSC-JFNF/2020,2020-12-01
hCoV-19/USA/MI-UM-10036507431/2020,2020-10-19
hCoV-19/USA/NE-USAFSAM-S586/2020,2020-11-10
hCoV-19/USA/MD-MDH-0389/2020,2020-10-27
hCoV-19/USA/TX-HMH-MCoV-25634/2021,2021-02-01
hCoV-19/USA/NY-Wadsworth-292382-01/2020,2020-12-18
hCoV-19/USA/NY-Wadsworth-21008573-01/2021,2021-01-04
hCoV-19/USA/WI-UW-1558/2020,2020-09-15
hCoV-19/USA/MN-MDH-2583/2021,2021-01-02
hCoV-19/USA/NY-NYCPHL-003382/2021,2021-02-17
hCoV-19/USA/NY-Wadsworth-21009471-01/2021,2021-01-11
hCoV-19/USA/CA-CZB-18509/2021,2021-01-06
hCoV-19/USA/AZ-TG718028/2021,2021-02-01
hCoV-19/USA/WY-WPHL-21005246/2021,2021-01-13
hCoV-19/USA/NY-PRL-2021_02_08_05D07/2021,2021-02-06
hCoV-19/USA/IL-NM-5807/2021,2021-01-04
hCoV-19/USA/MI-CDC-LC0005666/2021,2021-01-16
hCoV-19/USA/NY-NYCPHL-001946/2020,2020-12-24
hCoV-19/USA/CA-LACPHL-AF00170/2021,2021-01-08
hCoV-19/USA/TX-HMH-MCoV-20993/2021,2021-01-05
hCoV-19/USA/CA-CDC-LC0000815/2020,2020-12-24
hCoV-19/USA/TX-HMH-MCoV-21605/2021,2021-01-07
hCoV-19/USA/MN-MDH-2377/2021,2021-01-08
hCoV-19/USA/CA-CZB-17178/2021,2021-01-02
hCoV-19/USA/TX-HMH-MCoV-22048/2021,2021-01-05
hCoV-19/USA/IL-IDPH-I-000812/2021,2021-01-04
hCoV-19/USA/NY-Wadsworth-21008896-01/2021,2021-01-12
hCoV-19/USA/IL-CDC-STM-000003042/2021,2021-01-16
hCoV-19/USA/LA-EVTL1064/2020,2020-11-27
hCoV-19/USA/TX-HMH-MCoV-11218/2020,2020-09-02
hCoV-19/USA/TX-HMH-MCoV-21184/2020,2020-12-31
hCoV-19/USA/CA-CDC-STM-000008146/2021,2021-01-08
hCoV-19/USA/WA-UW-31410/2020,2020-10-14
hCoV-19/USA/MD-MDH-0809/2021,2021-01-28
hCoV-19/USA/VA-DCLS-1682/2020,2020-09-03
hCoV-19/USA/MN-MDH-1739/2020,2020-09-16
hCoV-19/USA/TX-HMH-MCoV-21684/2021,2021-01-08
hCoV-19/USA/VA-DCLS-2516/2020,2020-11-21
hCoV-19/USA/CA-UCSF-UC927/2021,2021-01-02
hCoV-19/USA/WA-UW-49933/2020,2020-12-20
hCoV-19/USA/OH-USAFSAM-S0256/2021,2021-01-25
hCoV-19/USA/KY-KSPHL-100099/2020,2020-12-04
hCoV-19/USA/OR-OHSU-8068/2020,2020-12-17
hCoV-19/USA/OR-OHSU-9420/2021,2021-01-07
hCoV-19/USA/un-HHD-4476496/2020,2020-12-23
hCoV-19/USA/NY-NYCPHL-001583/2020,2020-12-03
hCoV-19/USA/CA-CDC-21612627/2021,2021-01-31
hCoV-19/USA/TX-HMH-MCoV-23079/2021,2021-01-11
hCoV-19/USA/TX-HMH-MCoV-18056/2020,2020-11-14
hCoV-19/USA/TX-HMH-MCoV-14861/2020,2020-10-12
hCoV-19/USA/TX-HMH-MCoV-19707/2020,2020-11-18
hCoV-19/USA/TX-HMH-MCoV-21241/2020,2020-12-29
hCoV-19/USA/CA-QDX-3640/2021,2021-01-08
hCoV-19/USA/WA-UW-29898/2020,2020-10-04
hCoV-19/USA/WI-UW-1668/2020,2020-09-17
hCoV-19/USA/GA-CDC-LC0001186/2020,2020-12-26
hCoV-19/USA/WI-UW-2860/2021,2021-01-14
hCoV-19/USA/NY-NYULH415/2021,2021-02-12
hCoV-19/USA/TX-HMH-MCoV-19875/2021,2021-01-01
hCoV-19/USA/CA-CZB-19901/2021,2021-01-12
hCoV-19/USA/WY-WPHL-21000332/2021,2021-01-03
hCoV-19/USA/OR-OHSU-9285/2021,2021-01-05
hCoV-19/USA/MI-CDC-22054921/2021,2021-02-15
hCoV-19/USA/MN-GMF-33281/2020,2020-11-11
hCoV-19/USA/TX-HMH-MCoV-16042/2020,2020-10-27
hCoV-19/USA/WI-WSLH-202171/2020,2020-12-29
hCoV-19/USA/NV-NSPHL-321903/2021,2021-01-04
hCoV-19/USA/NY-Wadsworth-248128-01/2020,2020-10-18
hCoV-19/USA/CA-CDPH-UC1126/2020,2020-12-21
hCoV-19/USA/NV-NSPHL-336981/2021,2021-02-11
hCoV-19/USA/WY-WPHL-21004597/2021,2021-01-12
hCoV-19/USA/GA-CDC-LC0001237/2020,2020-12-26
hCoV-19/USA/FL-BPHL-2982/2020,2020-12-03
hCoV-19/USA/UT-UPHL-2101536653/2020,2020-12-11
hCoV-19/USA/CA-CDC-STM-000007213/2021,2021-01-30
hCoV-19/USA/WI-WSLH-201761/2020,2020-12-22
hCoV-19/USA/NC-CDC-LC0016916/2021,2021-02-10
hCoV-19/USA/MS-CDC-Q1MX-8203/2021,2021-02-04
hCoV-19/USA/TX-HMH-MCoV-19215/2020,2020-11-24
hCoV-19/USA/MN-CDC-21672232/2021,2021-02-01
hCoV-19/USA/FL-BPHL-0527/2021,2021-02-03
hCoV-19/USA/TX-HMH-MCoV-18776/2020,2020-11-22
hCoV-19/USA/WI-GMF-37039/2020,2020-11-25
hCoV-19/USA/TX-HMH-MCoV-23420/2021,2021-01-14
hCoV-19/USA/CA-ALSR-5699/2020,2020-11-25
hCoV-19/USA/WA-UW-60040/2021,2021-01-21
hCoV-19/USA/TX-HMH-MCoV-21665/2021,2021-01-08
hCoV-19/USA/NV-NSPHL-NV2034915/2020,2020-10-19
hCoV-19/USA/MI-MDHHS-SC22483/2020,2020-10-28
hCoV-19/USA/FL-CDC-STM-000007625/2021,2021-01-29
hCoV-19/USA/OR-OHSU-8473/2020,2020-12-23
hCoV-19/USA/un-QDX-3918/2021,2021-01-08
hCoV-19/USA/TX-HMH-MCoV-15333/2020,2020-10-21
hCoV-19/USA/NY-PRL-2021_02_15_02B09/2021,2021-02-14
hCoV-19/USA/TX-HMH-MCoV-23441/2021,2021-01-13
hCoV-19/USA/NJ-NYULH134/2021,2021-02-04
hCoV-19/USA/LA-EVTL1060/2020,2020-11-27
hCoV-19/USA/TX-HMH-MCoV-24763/2021,2021-01-19
hCoV-19/USA/WI-WSLH-201607/2020,2020-09-14
hCoV-19/USA/TX-HMH-MCoV-19952/2021,2021-01-03
hCoV-19/USA/NY-Wadsworth-21001458-01/2021,2021-01-03
hCoV-19/USA/MD-HP02362/2021,2021-02-15
hCoV-19/USA/CA-ALSR-6295/2021,2021-01-15
hCoV-19/USA/TX-HMH-MCoV-22171/2021,2021-01-08
hCoV-19/USA/WI-UW-3087/2021,2021-01-21
hCoV-19/USA/FL-CDC-22061574/2021,2021-02-15
hCoV-19/USA/NY-Wadsworth-21003071-01/2020,2020-12-29
hCoV-19/USA/CA-CDC-21954639/2021,2021-02-10
hCoV-19/USA/MD-CDC-LC0000445/2020,2020-12-27
hCoV-19/USA/WA-CDC-21803966/2021,2021-02-05
hCoV-19/USA/NY-PRL-2021_02_15_02C09/2021,2021-02-14
hCoV-19/USA/OH-ODH-SC1032454/2021,2021-01-12
hCoV-19/USA/PA-CDC-2-3878568/2021,2021-01-19
hCoV-19/USA/NY-CDC-22016882/2021,2021-02-11
hCoV-19/USA/IN-CDC-LC0016665/2021,2021-02-11
hCoV-19/USA/FL-BPHL-0632/2021,2021-02-16
hCoV-19/USA/GA-CDC-LC00002021/2020,2020-12-27
hCoV-19/USA/TX-CDC-STM-000011235/2021,2021-02-08
hCoV-19/USA/NY-PRL-2021_02_15_02B10/2021,2021-02-14
hCoV-19/USA/TX-HMH-MCoV-18094/2020,2020-11-13
hCoV-19/USA/CO-CDPHE-2100231459/2021,2021-01-14
hCoV-19/USA/NM-NMDOH-2020329992/2020,2020-09-04
hCoV-19/USA/CA-SEARCH-5363/2020,2020-12-14
hCoV-19/USA/TX-HMH-MCoV-25505/2021,2021-01-21
hCoV-19/USA/NY-MSHSPSP-PV19346/2020,2020-09-29
hCoV-19/USA/MA-CDC-LC0000036/2020,2020-12-24
hCoV-19/USA/NY-Wadsworth-251944-01/2020,2020-10-22
hCoV-19/USA/CA-ALSR-6163/2020,2020-12-15
hCoV-19/USA/CA-CZB-11011/2020,2020-09-01
hCoV-19/USA/NY-PRL-2021_02_17_00F03/2021,2021-02-14
hCoV-19/USA/NV-NSPHL-323642/2021,2021-01-08
hCoV-19/USA/NY-Wadsworth-21010058-01/2021,2021-01-05
hCoV-19/USA/WI-WSLH-210332/2020,2020-12-15
hCoV-19/USA/TX-HMH-MCoV-24905/2021,2021-01-20
hCoV-19/USA/TX-HMH-MCoV-15246/2020,2020-10-20
hCoV-19/USA/TX-HMH-MCoV-23409/2021,2021-01-12
hCoV-19/USA/TX-HMH-MCoV-11263/2020,2020-09-03
hCoV-19/USA/CO-CDPHE-2100424833/2021,2021-02-15
hCoV-19/USA/WA-UW-60667/2021,2021-01-29
hCoV-19/USA/FL-CDC-STM-000005967/2021,2021-01-28
hCoV-19/USA/AL-HGSC-JFQX/2020,2020-12-01
hCoV-19/USA/LA-EVTL1910/2020,2020-11-12
hCoV-19/USA/NM-DOH-2020648220/2020,2020-12-30
hCoV-19/USA/MA-MGH-03375/2020,2020-11-09
hCoV-19/USA/KY-CDC-2-3911643/2021,2021-01-08
hCoV-19/USA/MD-HP01493/2021,2021-01-21
hCoV-19/USA/WI-UW-1920/2020,2020-10-29
hCoV-19/USA/NM-UNM-01983/2021,2021-01-27
hCoV-19/USA/TX-HHD-2102094954/2021,2021-01-09
hCoV-19/USA/WA-S2984/2020,2020-09-14
hCoV-19/USA/VA-DCLS-2145/2020,2020-10-28
hCoV-19/USA/WI-WSLH-201616/2020,2020-09-29
hCoV-19/USA/NC-UNC-LCCC0337/2021,2021-01-25
hCoV-19/USA/TX-HMH-MCoV-24577/2021,2021-01-18
hCoV-19/USA/CA-QDX-3736/2021,2021-01-08
hCoV-19/USA/TX-HMH-MCoV-25211/2021,2021-01-20
hCoV-19/USA/OH-ODH-SC191906/2020,2020-12-30
hCoV-19/USA/HI-CDC-21679788/2021,2021-02-02
hCoV-19/USA/NY-NYULH399/2021,2021-02-11
hCoV-19/USA/WA-CDC-2-3881135/2021,2021-02-03
hCoV-19/USA/CA-CDC-22060440/2021,2021-02-08
hCoV-19/USA/CA-CZB-17567/2020,2020-12-17
hCoV-19/USA/MN-MDH-1939/2020,2020-09-23
hCoV-19/USA/MI-UM-10037006131/2020,2020-11-18
hCoV-19/USA/TX-HMH-MCoV-21621/2021,2021-01-09
hCoV-19/USA/TX-HHD-4520445/2021,2021-02-01
hCoV-19/USA/NY-CDC-2-3907275/2021,2021-01-20
hCoV-19/USA/AL-Madison-JFJH/2020,2020-11-30
hCoV-19/USA/NY-Wadsworth-21005038-01/2020,2020-12-24
hCoV-19/USA/DE-DHSS-F1020823/2020,2020-10-29
hCoV-19/USA/NC-CDC-LC0018370/2021,2021-02-15
hCoV-19/USA/MD-MDH-0611/2021,2021-01-07
hCoV-19/USA/WI-GMF-54152/2021,2021-02-11
hCoV-19/USA/WY-MTPHL-21004950/2021,2021-01-07
hCoV-19/USA/MD-HP02039/2021,2021-01-28
hCoV-19/USA/AZ-CDC-LC0012550/2021,2021-02-01
hCoV-19/USA/NY-Wadsworth-21010228-01/2021,2021-01-07
hCoV-19/USA/KS-KHEL-0353/2020,2020-12-24
hCoV-19/USA/NY-Wadsworth-21017563-01/2021,2021-01-21
hCoV-19/USA/NY-PRL-2021_0202_02D09/2021,2021-01-30
hCoV-19/USA/MI-UM-10036802807/2020,2020-11-05
hCoV-19/USA/TX-HMH-MCoV-21087/2020,2020-12-31
hCoV-19/USA/GA-CDC-2-3780139/2020,2020-12-14
hCoV-19/USA/CA-QDX-4421/2021,2021-01-14
hCoV-19/USA/WI-WSLH-201531/2020,2020-10-16
hCoV-19/USA/CA-ALSR-6117/2021,2021-01-07
hCoV-19/USA/AZ-ASPHL-2856/2020,2020-11-16
hCoV-19/USA/NY-Wadsworth-21011328-01/2021,2021-01-11
hCoV-19/USA/CT-CDC-LC0016081/2021,2021-02-09
hCoV-19/USA/PA-MGEL-01581/2021,2021-02-01
hCoV-19/USA/TX-HMH-MCoV-20185/2021,2021-01-03
hCoV-19/USA/KS-CDC-21434664/2021,2021-01-26
hCoV-19/USA/NY-Wadsworth-285337-01/2020,2020-12-09
hCoV-19/USA/UT-UPHL-2101218696/2020,2020-12-12
hCoV-19/USA/TX-HMH-MCoV-15500/2020,2020-10-23
hCoV-19/USA/CA-CDC-22058196/2021,2021-02-09
hCoV-19/USA/ME-HETL-J0492/2020,2020-12-30
hCoV-19/USA/ME-HETL-J0568/2020,2020-12-31
hCoV-19/USA/TX-HMH-MCoV-23810/2021,2021-01-15
hCoV-19/USA/NY-Wadsworth-21008480-01/2021,2021-01-04
hCoV-19/USA/NY-PRL-2021_02_08_05A10/2021,2021-02-06
hCoV-19/USA/NJ-CDC-LC0017141/2021,2021-02-12
hCoV-19/USA/OR-OHSU-3139/2020,2020-10-03
hCoV-19/USA/NV-NSPHL-336954/2021,2021-02-11
hCoV-19/USA/CT-CDC-22058022/2021,2021-02-15
hCoV-19/USA/VA-CDC-21875180/2021,2021-02-08
hCoV-19/USA/MD-MDH-0815/2021,2021-01-21
hCoV-19/USA/NY-Wadsworth-21009557-01/2021,2021-01-17
hCoV-19/USA/TX-HMH-MCoV-18139/2020,2020-11-15
hCoV-19/USA/TX-HMH-MCoV-14402/2020,2020-10-08
hCoV-19/USA/NY-Wadsworth-21018150-01/2021,2021-01-30
hCoV-19/USA/CA-CDPH276/2020,2020-11-15
hCoV-19/USA/FL-OHSU-9800/2021,2021-01-02
hCoV-19/USA/WY-WPHL-21013510/2021,2021-02-01
hCoV-19/USA/CA-SEARCH-5529/2020,2020-11-25
hCoV-19/USA/CA-ALSR-4285/2020,2020-10-05
hCoV-19/USA/TX-HHD-2102046893/2021,2021-01-03
hCoV-19/USA/TX-HHD-2102026499/2021,2021-01-03
hCoV-19/USA/ID-IBL-706480/2021,2021-01-25
hCoV-19/USA/CA-CZB-14531/2020,2020-11-11
hCoV-19/USA/AZ-CDC-21802222/2021,2021-02-05
hCoV-19/USA/FL-CDC-STM-000003081/2021,2021-01-16
hCoV-19/USA/MN-CDC-LC0000255/2020,2020-12-25
hCoV-19/USA/WA-S3771/2020,2020-12-31
hCoV-19/USA/NH-CDC-21866371/2021,2021-02-08
hCoV-19/USA/TX-HMH-MCoV-14831/2020,2020-10-13
hCoV-19/USA/HI-H200490/2020,2020-09-30
hCoV-19/USA/IL-CDC-LC0001762/2020,2020-12-27
hCoV-19/USA/TX-HMH-MCoV-18341/2020,2020-11-19
hCoV-19/USA/FL-BPHL-0102/2021,2021-01-05
hCoV-19/USA/CA-CZB-18496/2021,2021-01-05
hCoV-19/USA/CA-LACPHL-AF00474/2021,2021-02-01
hCoV-19/USA/NY-CDC-LC0002309/2020,2020-12-31
hCoV-19/USA/CO-CDPHE-2100215007/2021,2021-01-12
hCoV-19/USA/MN-MDH-2107/2020,2020-11-03
hCoV-19/USA/NM-DOH-2021027644/2021,2021-01-15
hCoV-19/USA/FL-BPHL-1578/2020,2020-09-16
hCoV-19/USA/AZ-ASPHL-AZ00127234/2020,2020-12-19
hCoV-19/USA/MD-CDC-2-3859300/2020,2020-12-21
hCoV-19/USA/NE-F74228/2021,2021-02-05
hCoV-19/USA/NJ-CDC-STM-000007832/2021,2021-01-30
hCoV-19/USA/MT-USAFSAM-S605/2020,2020-11-23
hCoV-19/USA/NM-UNM-01856/2021,2021-01-17
hCoV-19/USA/IN-CDC-LC00001608/2020,2020-12-26
hCoV-19/USA/TX-HMH-MCoV-21141/2021,2021-01-01
hCoV-19/USA/FL-CDC-LC0001075/2020,2020-12-26
hCoV-19/USA/NE-8857/2021,2021-02-19
hCoV-19/USA/TX-HMH-MCoV-21289/2020,2020-12-29
hCoV-19/USA/WI-GMF-39549/2020,2020-12-05
hCoV-19/USA/MD-MDH-0922/2021,2021-02-04
hCoV-19/USA/NM-DOH-2021027438/2021,2021-01-16
hCoV-19/USA/MN-MDH-1916/2020,2020-10-16
hCoV-19/USA/NC-CDC-2-3858588/2021,2021-01-22
hCoV-19/USA/NY-Wadsworth-253622-01/2020,2020-10-24
hCoV-19/USA/MD-MDH-1048/2021,2021-02-12
hCoV-19/USA/TX-HMH-MCoV-22862/2020,2020-12-26
hCoV-19/USA/TX-HMH-MCoV-21707/2021,2021-01-08
hCoV-19/USA/WI-GMF-33882/2020,2020-11-13
hCoV-19/USA/WY-WPHL-21001068/2021,2021-01-04
hCoV-19/USA/WI-WSLH-201808/2020,2020-12-03
hCoV-19/USA/CA-MCPHL-MC01849/2021,2021-01-18
hCoV-19/USA/NY-Wadsworth-247867-01/2020,2020-10-17
hCoV-19/USA/TX-HMH-MCoV-22453/2021,2021-01-11
hCoV-19/USA/NY-Wadsworth-21003417-01/2021,2021-01-07
hCoV-19/USA/WI-UW-1416/2020,2020-09-02
hCoV-19/USA/MO-CDC-21567573/2021,2021-01-28
hCoV-19/USA/MA-MGH-03182/2020,2020-09-25
hCoV-19/USA/MI-UM-10037787479/2021,2021-01-12
hCoV-19/USA/ME-HETL-J1305/2021,2021-02-04
hCoV-19/USA/CA-CDC-LC0008819/2021,2021-01-20
hCoV-19/USA/HI-H200589/2020,2020-11-15
hCoV-19/USA/IN-CDC-LC0006230/2021,2021-01-17
hCoV-19/USA/IL-NM-5912/2021,2021-01-07
hCoV-19/USA/WI-WSLH-211101/2020,2020-11-02
hCoV-19/USA/WA-UW-60694/2021,2021-01-31
hCoV-19/USA/NY-Wadsworth-242700-01/2020,2020-10-11
hCoV-19/USA/TX-HMH-MCoV-19268/2020,2020-11-28
hCoV-19/USA/TX-HMH-MCoV-18693/2020,2020-11-22
hCoV-19/USA/CA-CDC-LC0007990/2021,2021-01-18
hCoV-19/USA/NY-NYULH348/2021,2021-02-02
hCoV-19/USA/UT-UPHL-2012421387/2020,2020-11-30
hCoV-19/USA/TX-HMH-MCoV-21352/2020,2020-12-29
hCoV-19/USA/AL-HGSC-JICY/2021,2021-02-05
hCoV-19/USA/VA-CDC-LC0018306/2021,2021-02-15
hCoV-19/USA/AZ-CDC-2-3768067/2020,2020-12-14
hCoV-19/USA/MA-CDC-22058530/2021,2021-02-15
hCoV-19/USA/MA-MGH-03282/2020,2020-10-24
hCoV-19/USA/WI-UW-2977/2021,2021-01-05
hCoV-19/USA/NY-MSHSPSP-PV19369/2020,2020-09-27
hCoV-19/USA/FL-BPHL-0218/2021,2021-01-08
hCoV-19/USA/MI-CDC-22027232/2021,2021-02-12
hCoV-19/USA/GA-CDC-LC0018294/2021,2021-02-15
hCoV-19/USA/NY-CDC-21489124/2021,2021-01-27
hCoV-19/USA/TX-HMH-MCoV-18043/2020,2020-11-16
hCoV-19/USA/WI-WSLH-201317/2020,2020-09-20
hCoV-19/USA/TX-HMH-MCoV-18226/2020,2020-11-11
hCoV-19/USA/IL-QDX-3827/2021,2021-01-07
hCoV-19/USA/AL-HGSC-JFSU/2020,2020-12-02
hCoV-19/USA/MI-UM-S510237/2021,2021-01-27
hCoV-19/USA/FL-BPHL-2849/2020,2020-09-16
hCoV-19/USA/WI-WSLH-201707/2020,2020-12-22
hCoV-19/USA/WI-GMF-31991/2020,2020-11-06
hCoV-19/USA/NY-NYULH299/2021,2021-02-02
hCoV-19/USA/WY-WPHL-21004693/2021,2021-01-12
hCoV-19/USA/TX-HMH-MCoV-19609/2020,2020-11-24
hCoV-19/USA/CA-CZB-23084/2020,2020-12-02
hCoV-19/USA/LA-CDC-21841577/2021,2021-02-08
hCoV-19/USA/WY-CDC-2-3912231/2021,2021-01-16
hCoV-19/USA/CA-ALSR-4331/2020,2020-10-06
hCoV-19/USA/KS-KHEL-0390/2021,2021-03-01
hCoV-19/USA/MI-UM-10037990803/2021,2021-01-25
hCoV-19/USA/FL-CDC-21751686/2021,2021-02-04
hCoV-19/USA/NY-Wadsworth-21016176-01/2021,2021-01-31
hCoV-19/USA/TX-HMH-MCoV-18676/2020,2020-11-20
hCoV-19/USA/MI-UM-10036860076/2020,2020-11-09
hCoV-19/USA/CO-CDPHE-2011210222/2020,2020-11-19
hCoV-19/USA/NY-Wadsworth-248513-01/2020,2020-10-18
hCoV-19/USA/TX-HMH-MCoV-24220/2021,2021-01-16
hCoV-19/USA/CA-CZB-19680/2020,2020-12-21
hCoV-19/USA/MI-UM-10036921818/2020,2020-11-12
hCoV-19/USA/TX-HMH-MCoV-14885/2020,2020-10-14
hCoV-19/USA/TX-HMH-MCoV-25100/2021,2021-01-19
hCoV-19/USA/UT-UPHL-2101400244/2021,2021-01-13
hCoV-19/USA/WI-WSLH-200884/2020,2020-10-06
hCoV-19/USA/MI-UM-10036740029/2020,2020-11-02
hCoV-19/USA/UT-UPHL-2012209911/2020,2020-11-18
hCoV-19/USA/CA-CZB-14859/2020,2020-11-23
hCoV-19/USA/NJ-CDC-LC0001274/2020,2020-12-27
hCoV-19/USA/CT-Yale-1364/2021,2021-01-16
hCoV-19/USA/AL-CDC-LC0009843/2021,2021-01-25
hCoV-19/USA/FL-BPHL-2967/2020,2020-12-02
hCoV-19/USA/DE-CDC-2-3911603/2020,2020-12-29
hCoV-19/USA/AZ-CDC-22062927/2021,2021-02-14
hCoV-19/USA/AZ-CDC-LC0008683/2021,2021-01-20
hCoV-19/USA/ME-HETL-J1434/2021,2021-02-01
hCoV-19/USA/LA-EVTL1290/2020,2020-12-11
hCoV-19/USA/NY-Wadsworth-211918-01/2020,2020-09-04
hCoV-19/USA/TX-HMH-MCoV-21634/2021,2021-01-05
hCoV-19/USA/CA-CZB-14666/2020,2020-11-16
hCoV-19/USA/NC-CDC-LC0006274/2021,2021-01-16
hCoV-19/USA/NC-CDC-STM-000004146/2021,2021-01-19
hCoV-19/USA/CA-ALSR-2972/2020,2020-09-02
hCoV-19/USA/NY-Wadsworth-280302-01/2020,2020-11-26
hCoV-19/USA/TX-HMH-MCoV-19133/2020,2020-11-24
hCoV-19/USA/TX-HMH-MCoV-19590/2020,2020-11-28
hCoV-19/USA/MN-GMF-34511/2020,2020-11-16
hCoV-19/USA/CA-UCSF-JD479/2021,2021-01-18
hCoV-19/USA/OR-OHSU-9276/2021,2021-01-05
hCoV-19/USA/WY-WPHL-20148596/2020,2020-11-23
hCoV-19/USA/TX-HMH-MCoV-24592/2021,2021-01-18
hCoV-19/USA/TX-HMH-MCoV-14612/2020,2020-10-10
hCoV-19/USA/UT-UPHL-2101225611/2020,2020-12-31
hCoV-19/USA/FL-CDC-STM-000012957/2021,2021-02-11
hCoV-19/USA/CA-CDC-LC0000812/2020,2020-12-24
hCoV-19/USA/TX-HMH-MCoV-23023/2021,2021-01-15
hCoV-19/USA/TX-HMH-MCoV-20158/2021,2021-01-01
hCoV-19/USA/NV-NSPHL-336982/2021,2021-02-10
hCoV-19/USA/VA-CDC-STM-000012850/2021,2021-02-11
hCoV-19/USA/MI-UM-10036804974/2020,2020-11-05
hCoV-19/USA/MI-MDHHS-SC24041/2021,2021-02-12
hCoV-19/USA/RI-Broad_RIDOH-00241/2020,2020-12-04
hCoV-19/USA/CA-CZB-17549/2020,2020-12-16
hCoV-19/USA/CA-CDC-STM-000012456/2021,2021-02-09
hCoV-19/USA/WY-WPHL-20149701/2020,2020-11-24
hCoV-19/USA/TX-HMH-MCoV-24360/2021,2021-01-16
hCoV-19/USA/IL-NM-5041/2020,2020-12-22
hCoV-19/USA/MI-UM-10038052572/2021,2021-01-28
hCoV-19/USA/NC-UNC-0010/2021,2021-01-05
hCoV-19/USA/CA-CZB-14691/2020,2020-11-16
hCoV-19/USA/OH-USAFSAM-S480/2020,2020-10-15
hCoV-19/USA/MI-UM-10036613887/2020,2020-10-25
hCoV-19/USA/MO-CDC-2-3769372/2020,2020-12-21
hCoV-19/USA/NY-NYCPHL-001488/2020,2020-11-27
hCoV-19/USA/FL-CDC-STM-000010265/2021,2021-02-06
hCoV-19/USA/TX-HMH-MCoV-12487/2020,2020-09-28
hCoV-19/USA/MN-MDH-2131/2020,2020-11-05
hCoV-19/USA/LA-EVTL1558/2020,2020-12-31
hCoV-19/USA/MI-UM-10037688821/2021,2021-01-05
hCoV-19/USA/AZ-CDC-LC0012523/2021,2021-01-31
hCoV-19/USA/CA-CDPH308/2020,2020-11-22
hCoV-19/USA/MD-CDC-2-3773504/2020,2020-12-29
hCoV-19/USA/MI-UM-10035752975/2020,2020-09-01
hCoV-19/USA/TX-HMH-MCoV-19954/2021,2021-01-02
hCoV-19/USA/TX-HMH-MCoV-16242/2020,2020-10-30
hCoV-19/USA/WY-WPHL-21006625/2021,2021-01-18
hCoV-19/USA/PA-CDC-2-3693775/2020,2020-11-05
hCoV-19/USA/IN-CDC-STM-000003186/2021,2021-01-15
hCoV-19/USA/MN-MDH-2480/2021,2021-01-02
hCoV-19/USA/TX-HMH-MCoV-24308/2021,2021-01-16
hCoV-19/USA/CA-CZB-17625/2021,2021-01-05
hCoV-19/USA/FL-CDC-21871836/2021,2021-02-08
hCoV-19/USA/CA-CHLA-PLM88517745/2020,2020-11-30
hCoV-19/USA/TX-HMH-MCoV-12295/2020,2020-09-23
hCoV-19/USA/WI-WSLH-201725/2020,2020-10-19
hCoV-19/USA/LA-EVTL1765/2021,2021-01-14
hCoV-19/USA/LA-EVTL2074/2020,2020-09-19
hCoV-19/USA/TX-HMH-MCoV-18512/2020,2020-11-20
hCoV-19/USA/ME-HETL-J1056/2021,2021-01-20
hCoV-19/USA/OR-OHSU-8704/2020,2020-12-29
hCoV-19/USA/TX-HMH-MCoV-21016/2020,2020-12-31
hCoV-19/USA/HI-H200387/2020,2020-09-28
hCoV-19/USA/MI-UM-10037990817/2021,2021-01-25
hCoV-19/USA/IL-CDC-LC0018019/2021,2021-02-12
hCoV-19/USA/WI-WSLH-211307/2021,2021-02-12
hCoV-19/USA/CA-CZB-19157/2020,2020-12-06
hCoV-19/USA/TX-HMH-MCoV-19541/2020,2020-11-30
hCoV-19/USA/DE-DHSS-FLW00751071/2021,2021-01-29
hCoV-19/USA/FL-BPHL-2288/2020,2020-09-28
hCoV-19/USA/TX-HMH-MCoV-21593/2021,2021-01-09
hCoV-19/USA/ME-HETL-J0801/2021,2021-01-14
hCoV-19/USA/TX-HMH-MCoV-25491/2021,2021-01-21
hCoV-19/USA/NY-NYCPHL-001626/2020,2020-12-07
hCoV-19/USA/FL-CDC-STM-000003557/2021,2021-01-17
hCoV-19/USA/FL-BPHL-0232/2021,2021-01-11
hCoV-19/USA/NC-UNC-0069/2021,2021-01-26
hCoV-19/USA/CA-ALSR-6347/2021,2021-01-13
hCoV-19/USA/NY-Wadsworth-292830-01/2020,2020-12-27
hCoV-19/USA/CA-CZB-11928/2020,2020-10-06
hCoV-19/USA/PR-DXRK/2021,2021-01-07
hCoV-19/USA/NY-Wadsworth-21006350-01/2021,2021-01-12
hCoV-19/USA/IL-CDC-LC0011216/2021,2021-02-01
hCoV-19/USA/OH-CDC-STM-000008117/2021,2021-01-09
hCoV-19/USA/MI-UM-10037705386/2021,2021-01-06
hCoV-19/USA/WA-UW-58976/2021,2021-01-28
hCoV-19/USA/TX-HMH-MCoV-18353/2020,2020-11-18
hCoV-19/USA/CT-CDC-LC0018136/2021,2021-02-12
hCoV-19/USA/HI-H200660/2020,2020-12-01
hCoV-19/USA/WI-UW-1755/2020,2020-09-17
hCoV-19/USA/AK-CDC-2-3845836/2021,2021-01-14
hCoV-19/USA/MI-UM-10036852112/2020,2020-11-09
hCoV-19/USA/NY-Wadsworth-21007883-01/2020,2020-12-29
hCoV-19/USA/UT-UPHL-2012662012/2020,2020-10-13
hCoV-19/USA/AL-HGSC-JGHJ/2020,2020-12-08
hCoV-19/USA/NY-Wadsworth-247373-01/2020,2020-10-16
hCoV-19/USA/MA-Broad_CRSP-00380/2021,2021-01-08
hCoV-19/USA/NC-CDC-LC0018581/2021,2021-02-17
hCoV-19/USA/DE-DHSS-F986750/2020,2020-11-17
hCoV-19/USA/AL-Madison-JFGS/2020,2020-11-28
hCoV-19/USA/WI-WSLH-210361/2021,2021-01-18
hCoV-19/USA/TX-HMH-MCoV-20018/2021,2021-01-02
hCoV-19/USA/PA-CDC-22017614/2021,2021-02-09
hCoV-19/USA/LA-EVTL1281/2020,2020-12-10
hCoV-19/USA/DE-DHSS-FLW00569562/2020,2020-12-28
hCoV-19/USA/NY-Wadsworth-21005021-01/2020,2020-12-29
hCoV-19/USA/MI-UM-10038202326/2021,2021-02-06
hCoV-19/USA/WY-WPHL-21013315/2021,2021-02-09
hCoV-19/USA/MN-MDH-1871/2020,2020-10-13
hCoV-19/USA/WI-GMF-27653/2020,2020-10-25
hCoV-19/USA/PA-CDC-2-3912748/2021,2021-01-25
hCoV-19/USA/CA-CSMC211/2020,2020-12-27
hCoV-19/USA/ME-HETL-J0220/2020,2020-09-23
hCoV-19/USA/IL-IDPH-I-000449/2020,2020-11-27
hCoV-19/USA/ME-HETL-J1415/2021,2021-01-02
hCoV-19/USA/CA-CSMC294/2020,2020-12-26
hCoV-19/USA/OR-OHSU-7960/2020,2020-12-17
hCoV-19/USA/CA-UCSF-JD300/2021,2021-01-26
hCoV-19/USA/MA-MGH-03149/2020,2020-09-08
hCoV-19/USA/TX-HMH-MCoV-23122/2021,2021-01-11
hCoV-19/USA/OR-OHSU-8695/2020,2020-12-29
hCoV-19/USA/NV-NSPHL-NV2066412/2021,2021-02-04
hCoV-19/USA/CA-ALSR-5048/2020,2020-12-05
hCoV-19/USA/NY-PRL-2021_02_15_00G06/2021,2021-02-13
hCoV-19/USA/NV-NSPHL-NV2063499/2021,2021-01-21
hCoV-19/USA/AZ-CDC-LC00000195/2020,2020-12-25
hCoV-19/USA/FL-CDC-STM-000003054/2021,2021-01-16
hCoV-19/USA/ME-HETL-J1546/2020,2020-11-23
hCoV-19/USA/NC-CDC-STM-000010268/2021,2021-02-06
hCoV-19/USA/LA-EVTL1853/2020,2020-10-23
hCoV-19/USA/WI-CDC-LC00001873/2020,2020-12-27
hCoV-19/USA/TX-CDC-22055974/2021,2021-02-14
hCoV-19/USA/TX-HMH-MCoV-11667/2020,2020-09-11
hCoV-19/USA/TX-HMH-MCoV-23169/2021,2021-01-13
hCoV-19/USA/NY-NYCPHL-003385/2021,2021-02-17
hCoV-19/USA/AL-HGSC-JGNY/2021,2021-01-05
hCoV-19/USA/TX-HMH-MCoV-18928/2020,2020-11-25
hCoV-19/USA/NM-DOH-2021003058/2021,2021-01-04
hCoV-19/USA/CA-CDC-STM-000013440/2021,2021-02-13
hCoV-19/USA/DC-CDC-LC0000366/2020,2020-12-27
hCoV-19/USA/WI-WSLH-201498/2020,2020-10-14
hCoV-19/USA/LA-EVTL1514/2020,2020-12-29
hCoV-19/USA/TX-HMH-MCoV-20214/2021,2021-01-03
hCoV-19/USA/FL-BPHL-3031/2020,2020-12-16
hCoV-19/USA/NY-Wadsworth-225796-01/2020,2020-09-23
hCoV-19/USA/CA-UCSF-JD418/2021,2021-01-29
hCoV-19/USA/NY-Wadsworth-21001852-01/2021,2021-01-06
hCoV-19/USA/NY-Wadsworth-21007841-01/2021,2021-01-04
hCoV-19/USA/NY-Wadsworth-21003890-01/2020,2020-12-29
hCoV-19/USA/CA-CZB-17039/2020,2020-12-19
hCoV-19/USA/WI-WSLH-211252/2021,2021-02-09
hCoV-19/USA/TX-HMH-MCoV-23902/2021,2021-01-14
hCoV-19/USA/NY-Wadsworth-21015623-01/2021,2021-01-20
hCoV-19/USA/CA-ALSR-6041/2021,2021-01-07
hCoV-19/USA/FL-BPHL-0015/2021,2021-01-05
hCoV-19/USA/FL-CDC-STM-000010531/2021,2021-02-07
hCoV-19/USA/NY-PRL-2020_1229_00F10/2020,2020-12-26
hCoV-19/USA/CA-CDPH-UC1674/2020,2020-12-22
hCoV-19/USA/WI-WSLH-201814/2020,2020-12-03
hCoV-19/USA/NY-NYCPHL-002433/2021,2021-01-14
hCoV-19/USA/TX-CDC-STM-000003652/2021,2021-01-18
hCoV-19/USA/TX-HMH-MCoV-18046/2020,2020-11-12
hCoV-19/USA/WV-CDC-LC0005468/2021,2021-01-09
hCoV-19/USA/CA-QDX-2851/2020,2020-12-26
hCoV-19/USA/NV-CDC-21640830/2021,2021-02-01
hCoV-19/USA/OR-OHSU-9171/2021,2021-01-04
hCoV-19/USA/AZ-ASPHL-3386/2021,2021-01-06
hCoV-19/USA/CA-SC20081/2020,2020-12-14
hCoV-19/USA/VA-DCLS-1984/2020,2020-10-07
hCoV-19/USA/NV-QDX-3529/2020,2020-10-06
hCoV-19/USA/CA-CZB-17304/2020,2020-11-26
hCoV-19/USA/NY-NYCPHL-002187/2021,2021-01-01
hCoV-19/USA/NY-CDC-21671851/2021,2021-01-31
hCoV-19/USA/TX-HMH-MCoV-15622/2020,2020-10-26
hCoV-19/USA/TX-HMH-MCoV-23421/2021,2021-01-13
hCoV-19/USA/MI-MDHHS-SC22913/2020,2020-11-24
hCoV-19/USA/NY-PRL-2021_0125_00B05/2021,2021-01-18
hCoV-19/USA/NY-Wadsworth-21007959-01/2021,2021-01-04
hCoV-19/USA/MI-MDHHS-SC22024/2020,2020-09-03
hCoV-19/USA/MI-CDC-21529802/2021,2021-01-29
hCoV-19/USA/NY-NYCPHL-002010/2020,2020-12-29
hCoV-19/USA/UT-UPHL-2102568391/2020,2020-12-29
hCoV-19/USA/FL-CDC-LC0001063/2020,2020-12-26
hCoV-19/USA/IL-CDC-LC0018323/2021,2021-02-15
hCoV-19/USA/PA-CDC-LC0011713/2021,2021-01-28
hCoV-19/USA/CA-CZB-7028/2020,2020-09-02
hCoV-19/USA/TX-HMH-MCoV-22074/2021,2021-01-07
hCoV-19/USA/WI-WSLH-201433/2020,2020-10-12
hCoV-19/USA/TX-HMH-MCoV-21109/2020,2020-12-31
hCoV-19/USA/MI-UM-S498273/2021,2021-01-26
hCoV-19/USA/NE-USAFSAM-S377/2020,2020-09-02
hCoV-19/USA/OR-CDC-LC0013458/2021,2021-01-29
hCoV-19/USA/MN-MDH-3026/2021,2021-02-08
hCoV-19/USA/MN-MDH-1852/2020,2020-10-05
hCoV-19/USA/TX-HMH-MCoV-24012/2021,2021-01-15
hCoV-19/USA/TX-HMH-MCoV-20583/2021,2021-01-04
hCoV-19/USA/CA-CHLA-PLM81753386/2020,2020-11-30
hCoV-19/USA/FL-CDC-LC0006507/2021,2021-01-18
hCoV-19/USA/NY-NYCPHL-002996/2021,2021-02-03
hCoV-19/USA/CA-CSMC259/2020,2020-12-26
hCoV-19/USA/NY-NYCPHL-003085/2021,2021-01-31
hCoV-19/USA/TX-HMH-MCoV-18333/2020,2020-11-18
hCoV-19/USA/RI-CDC-21678826/2021,2021-02-02
hCoV-19/USA/MA-QDX-4167/2021,2021-01-06
hCoV-19/USA/WI-GMF-31811/2020,2020-11-06
hCoV-19/USA/VA-DCLS-2423/2020,2020-11-23
hCoV-19/USA/WI-UW-3521/2021,2021-02-09
hCoV-19/USA/MD-MDH-0900/2021,2021-01-28
hCoV-19/USA/PA-CDC-22125884/2021,2021-02-17
hCoV-19/USA/MN-MDH-1921/2020,2020-10-14
hCoV-19/USA/MO-USAFSAM-S529/2020,2020-11-17
hCoV-19/USA/NY-PRL-2021_0203_01H07/2021,2021-01-31
hCoV-19/USA/ME-HETL-J1683/2021,2021-02-17
hCoV-19/USA/CA-LACPHL-AF00010/2020,2020-12-15
hCoV-19/USA/WI-WSLH-210113/2021,2021-01-11
hCoV-19/USA/TX-HMH-MCoV-21164/2021,2021-01-01
hCoV-19/USA/NY-UB-00412/2020,2020-12-21
hCoV-19/USA/TX-HMH-MCoV-25169/2021,2021-01-19
hCoV-19/USA/NY-CDC-22017517/2021,2021-02-10
hCoV-19/USA/OR-OHSU-5751/2020,2020-11-20
hCoV-19/USA/TX-CDC-2-3850546/2021,2021-01-25
hCoV-19/USA/TX-HMH-MCoV-18520/2020,2020-11-19
hCoV-19/USA/TX-HMH-MCoV-14666/2020,2020-10-11
hCoV-19/USA/TX-HMH-MCoV-14719/2020,2020-10-11
hCoV-19/USA/NY-Wadsworth-278034-01/2020,2020-11-22
hCoV-19/USA/TX-HMH-MCoV-18450/2020,2020-11-18
hCoV-19/USA/FL-CDC-21609227/2021,2021-02-01
hCoV-19/USA/NY-Wadsworth-290340-01/2020,2020-12-18
hCoV-19/USA/HI-CDC-STM-000002423/2021,2021-01-12
hCoV-19/USA/NY-Wadsworth-21006709-01/2020,2020-12-28
hCoV-19/USA/MI-UM-10036459813/2020,2020-10-15
hCoV-19/USA/TX-HMH-MCoV-25352/2021,2021-01-22
hCoV-19/USA/AZ-TG707029/2020,2020-12-29
hCoV-19/USA/CO-CDPHE-2010280212/2020,2020-10-26
hCoV-19/USA/MI-UM-S547096/2021,2021-02-05
hCoV-19/USA/CA-CZB-15476/2020,2020-12-05
hCoV-19/USA/FL-BPHL-0544/2021,2021-02-05
hCoV-19/USA/CA-CZB-15081/2020,2020-11-20
hCoV-19/USA/KY-KSPHL-100187/2021,2021-01-31
hCoV-19/USA/KY-CDC-LC0004027/2021,2021-01-01
hCoV-19/USA/WI-UW-2856/2021,2021-01-12
hCoV-19/USA/CA-LACPHL-AF00130/2020,2020-12-16
hCoV-19/USA/KS-CDC-2-3911631/2020,2020-12-01
hCoV-19/USA/WI-WSLH-201529/2020,2020-10-21
hCoV-19/USA/NY-PRL-2021_02_17_00F12/2021,2021-02-13
hCoV-19/USA/NM-CDC-2-3768179/2020,2020-12-28
hCoV-19/USA/CO-CDPHE-2009170087/2020,2020-09-16
hCoV-19/USA/CA-UCSF-JD199/2021,2021-01-18
hCoV-19/USA/HI-CDC-2-3713994/2020,2020-11-06
hCoV-19/USA/FL-CDC-STM-000005423/2021,2021-01-26
hCoV-19/USA/OR-OHSU-2982/2020,2020-09-09
hCoV-19/USA/OR-OHSU-3607/2020,2020-10-22
hCoV-19/USA/MD-CDC-LC0008228/2021,2021-01-20
hCoV-19/USA/CA-MCPHL-MC01840/2021,2021-01-18
hCoV-19/USA/CO-CDPHE-2009164004/2020,2020-09-16
hCoV-19/USA/NC-CDC-LC0018598/2021,2021-02-17
hCoV-19/USA/AL-HGSC-JHLU/2021,2021-01-27
hCoV-19/USA/SC-CDC-LC0008082/2021,2021-01-19
hCoV-19/USA/NY-PRL-2021_02_08_05H08/2021,2021-02-06
hCoV-19/USA/IL-IDPH-I-000840/2021,2021-01-05
hCoV-19/USA/AZ-TG716524/2021,2021-01-12
hCoV-19/USA/TX-HMH-MCoV-22885/2020,2020-12-26
hCoV-19/USA/TX-HMH-MCoV-14781/2020,2020-10-13
hCoV-19/USA/TX-HMH-MCoV-15417/2020,2020-10-21
hCoV-19/USA/UT-UPHL-2102300434/2021,2021-02-02
hCoV-19/USA/LA-EVTL1697/2021,2021-01-08
hCoV-19/USA/WA-UW-60622/2021,2021-01-29
hCoV-19/USA/UT-UPHL-2102856178/2020,2020-12-29
hCoV-19/USA/MI-MDHHS-SC23400/2021,2021-02-09
hCoV-19/USA/FL-CDC-STM-194/2020,2020-12-31
hCoV-19/USA/MA-MASPHL-01558/2021,2021-01-13
hCoV-19/USA/AL-Limestone-JEFL/2020,2020-11-03
hCoV-19/USA/TX-HMH-MCoV-24941/2021,2021-01-19
hCoV-19/USA/NV-NSPHL-LV296522/2021,2021-02-04
hCoV-19/USA/TX-HMH-MCoV-23724/2021,2021-01-15
hCoV-19/USA/MA-MGH-03216/2020,2020-11-16
hCoV-19/USA/TX-HMH-MCoV-22378/2021,2021-01-12
hCoV-19/USA/CA-CDPH-UC1167/2020,2020-12-27
hCoV-19/USA/MI-MDHHS-SC22547/2020,2020-11-03
hCoV-19/USA/CA-CZB-17204/2020,2020-12-21
hCoV-19/USA/OR-OHSU-8600/2020,2020-12-25
hCoV-19/USA/NJ-CDC-LC0009019/2021,2021-01-21
hCoV-19/USA/TX-CDC-21990979/2021,2021-02-10
hCoV-19/USA/NY-Wadsworth-21017581-01/2021,2021-01-19
hCoV-19/USA/HI-H210821/2021,2021-01-03
hCoV-19/USA/LA-EVTL1724/2021,2021-01-11
hCoV-19/USA/FL-BPHL-0542/2021,2021-02-05
hCoV-19/USA/NV-NSPHL-LV296367/2021,2021-02-04
hCoV-19/USA/NY-Wadsworth-292420-01/2020,2020-12-30
hCoV-19/USA/WI-WSLH-201134/2020,2020-10-14
hCoV-19/USA/OR-OHSU-8554/2020,2020-12-24
hCoV-19/USA/OH-CDC-22031058/2021,2021-02-14
hCoV-19/USA/WY-WPHL-20165312/2020,2020-12-14
hCoV-19/USA/NY-Wadsworth-21010676-01/2021,2021-01-11
hCoV-19/USA/MI-CDC-2-3877494/2021,2021-01-24
hCoV-19/USA/MI-MDHHS-SC23395/2021,2021-02-09
hCoV-19/USA/GA-CDC-STM-000004310/2021,2021-01-20
hCoV-19/USA/TX-HHD-2101194001/2020,2020-12-10
hCoV-19/USA/CA-CDC-21640598/2021,2021-02-02
hCoV-19/USA/NY-Wadsworth-21001328-01/2020,2020-12-31
hCoV-19/USA/ME-HETL-J1258/2021,2021-02-03
hCoV-19/USA/FL-BPHL-0345/2021,2021-01-26
hCoV-19/USA/TX-HMH-MCoV-23438/2021,2021-01-14
hCoV-19/USA/NV-NSPHL-NV2060817/2021,2021-01-12
hCoV-19/USA/MD-MDH-0407/2020,2020-11-05
hCoV-19/USA/TX-HMH-MCoV-18273/2020,2020-11-17
hCoV-19/USA/NJ-CDC-2-3693666/2020,2020-10-31
hCoV-19/USA/WA-UW-45076/2020,2020-12-08
hCoV-19/USA/NY-AECOM_132/2020,2020-10-09
hCoV-19/USA/AL-SL-21021280031/2021,2021-02-12
hCoV-19/USA/NY-PRL-2021_02_22_00A06/2021,2021-02-18
hCoV-19/USA/AL-Morgan-JEBN/2020,2020-10-29
hCoV-19/USA/DE-DHSS-F986914/2020,2020-11-23
hCoV-19/USA/MA-MGH-03230/2020,2020-10-08
hCoV-19/USA/NY-NYCPHL-003487/2021,2021-02-22
hCoV-19/USA/WI-GMF-49553/2021,2021-01-16
hCoV-19/USA/CA-ALSR-6742/2021,2021-01-21
hCoV-19/USA/TX-HMH-MCoV-23726/2021,2021-01-15
hCoV-19/USA/TX-HMH-MCoV-20675/2021,2021-01-05
hCoV-19/USA/TX-HMH-MCoV-24400/2021,2021-01-17
hCoV-19/USA/FL-CDC-STM-0000014-E01/2021,2021-01-12
hCoV-19/USA/NY-Wadsworth-21006379-01/2021,2021-01-01
hCoV-19/USA/VA-DCLS-2818/2020,2020-12-21
hCoV-19/USA/TX-HMH-MCoV-21134/2020,2020-12-31
hCoV-19/USA/CA-CZB-19158/2020,2020-12-06
hCoV-19/USA/NY-Wadsworth-290377-01/2020,2020-12-16
hCoV-19/USA/AZ-CDC-LC0018740/2021,2021-02-14
hCoV-19/USA/HI-H210948/2020,2020-12-29
hCoV-19/USA/AR-CDC-2-3768180/2020,2020-12-26
hCoV-19/USA/WY-WPHL-21013447/2021,2021-02-02
hCoV-19/USA/NY-NYCPHL-002882/2021,2021-01-28
hCoV-19/USA/NY-CDC-STM-000008109/2021,2021-01-08
hCoV-19/USA/TX-HMH-MCoV-20737/2021,2021-01-06
hCoV-19/USA/CA-CDC-21612347/2021,2021-01-31
hCoV-19/USA/CA-CZB-14780/2020,2020-11-10
hCoV-19/USA/AZ-CDC-LC0000133/2020,2020-12-26
hCoV-19/USA/TX-HMH-MCoV-19484/2020,2020-11-30
hCoV-19/USA/TX-HHD-4520448/2021,2021-02-01
hCoV-19/USA/WY-WPHL-21013540/2021,2021-02-04
hCoV-19/USA/CA-QDX-3854/2021,2021-01-08
hCoV-19/USA/WA-S2980/2020,2020-09-14
hCoV-19/USA/TX-HMH-MCoV-22372/2021,2021-01-11
hCoV-19/USA/MI-UM-10036287406/2020,2020-10-05
hCoV-19/USA/CA-ACPHD-00041/2020,2020-12-01
hCoV-19/USA/TX-HMH-MCoV-15173/2020,2020-10-20
hCoV-19/USA/WA-UW-60638/2021,2021-01-28
hCoV-19/USA/NY-Wadsworth-21010166-01/2021,2021-01-17
hCoV-19/USA/TX-HMH-MCoV-24833/2021,2021-01-20
hCoV-19/USA/CA-QDX-3899/2021,2021-01-09
hCoV-19/USA/KY-KSPHL-100064/2020,2020-10-28
hCoV-19/USA/MI-MDHHS-SC22885/2020,2020-11-24
hCoV-19/USA/CA-SC210142/2021,2021-01-30
hCoV-19/USA/GA-CDC-21707968/2021,2021-02-02
hCoV-19/USA/VA-DCLS-3355/2021,2021-01-27
hCoV-19/USA/LA-EVTL1496/2020,2020-12-28
hCoV-19/USA/ME-HETL-J0263/2020,2020-09-29
hCoV-19/USA/TX-HMH-MCoV-18707/2020,2020-11-22
hCoV-19/USA/NY-PRL-2021_0201_03C05/2021,2021-01-30
hCoV-19/USA/TX-CDC-22055566/2021,2021-02-15
hCoV-19/USA/TX-HMH-MCoV-25500/2021,2021-01-22
hCoV-19/USA/OH-CDC-21487070/2021,2021-01-24
hCoV-19/USA/KS-CDC-LC0004176/2020,2020-12-31
hCoV-19/USA/MN-MDH-2994/2021,2021-02-10
hCoV-19/USA/VA-DCLS-2722/2020,2020-12-15
hCoV-19/USA/CA-CDC-STM-000008065/2021,2021-01-09
hCoV-19/USA/FL-BPHL-2642/2020,2020-11-13
hCoV-19/USA/NY-Wadsworth-224416-01/2020,2020-09-22
hCoV-19/USA/NY-Wadsworth-21004306-01/2021,2021-01-05
hCoV-19/USA/OK-CDC-LC0012805/2021,2021-02-01
hCoV-19/USA/CA-SEARCH-5375/2020,2020-12-17
hCoV-19/USA/TX-HMH-MCoV-23012/2021,2021-01-11
hCoV-19/USA/CA-CDC-22022731/2021,2021-02-15
hCoV-19/USA/NY-PRL-2021_02_22_00B13/2021,2021-02-18
hCoV-19/USA/MN-MDH-2999/2021,2021-02-08
hCoV-19/USA/NY-Wadsworth-288425-01/2020,2020-12-16
hCoV-19/USA/ME-HETL-J0360/2020,2020-11-30
hCoV-19/USA/WA-CDC-2-3767488/2020,2020-12-13
hCoV-19/USA/FL-BPHL-1563/2020,2020-09-10
hCoV-19/USA/TX-HMH-MCoV-25587/2021,2021-01-22
hCoV-19/USA/MD-HP02412/2021,2021-01-18
hCoV-19/USA/UT-UPHL-2012789017/2020,2020-12-03
hCoV-19/USA/NY-PRL-2021_02_12_02A04/2021,2021-02-09
hCoV-19/USA/WA-OHSU-6687/2020,2020-12-05
hCoV-19/USA/TX-HMH-MCoV-14294/2020,2020-10-05
hCoV-19/USA/TX-HMH-MCoV-22373/2021,2021-01-10
hCoV-19/USA/TX-HMH-MCoV-20567/2021,2021-01-05
hCoV-19/USA/TX-HMH-MCoV-25478/2021,2021-01-21
hCoV-19/USA/NY-NYCPHL-001576/2020,2020-12-03
hCoV-19/USA/CA-CDC-21577517/2021,2021-01-31
hCoV-19/USA/NC-CDC-STM-000013474/2021,2021-02-11
hCoV-19/USA/FL-CDC-21872272/2021,2021-02-09
hCoV-19/USA/TX-HMH-MCoV-20276/2021,2021-01-05
hCoV-19/USA/MI-CDC-STM-0000014-D10/2021,2021-01-11
hCoV-19/USA/TX-HMH-MCoV-19905/2021,2021-01-01
hCoV-19/USA/NH-CDC-21490892/2021,2021-01-25
hCoV-19/USA/IA-GMF-48951/2021,2021-01-12
hCoV-19/USA/ID-IBL-708996/2021,2021-02-03
hCoV-19/USA/WI-UW-3576/2021,2021-02-19
hCoV-19/USA/HI-CDC-STM-000012289/2021,2021-02-10
hCoV-19/USA/MN-MDH-1851/2020,2020-10-05
hCoV-19/USA/NC-CDC-STM-000008418/2021,2021-01-31
hCoV-19/USA/MN-GMF-38284/2020,2020-12-01
hCoV-19/USA/TX-HMH-MCoV-25904/2021,2021-02-02
hCoV-19/USA/MD-CDC-LC0007269/2021,2021-01-19
hCoV-19/USA/NY-Wadsworth-21002973-01/2021,2021-01-01
hCoV-19/USA/CO-CDPHE-1040781218/2021,2021-01-03
hCoV-19/USA/CO-CDPHE-2010314185/2020,2020-10-28
hCoV-19/USA/CA-CZB-16011/2020,2020-11-24
hCoV-19/USA/GA-GPHL-0008/2021,2021-01-12
hCoV-19/USA/NY-PRL-2021_02_19_01G19/2021,2021-02-16
hCoV-19/USA/TX-HMH-MCoV-12029/2020,2020-09-18
hCoV-19/USA/GA-CDC-STM-000004263/2021,2021-01-20
hCoV-19/USA/AZ-TG716516/2021,2021-01-10
hCoV-19/USA/un-HHD-4477642/2020,2020-12-27
hCoV-19/USA/AL-Madison-JEHF/2020,2020-11-04
hCoV-19/USA/NV-CDC-LC0008814/2021,2021-01-20
hCoV-19/USA/MD-CDC-LC00000418/2020,2020-12-27
hCoV-19/USA/TX-HMH-MCoV-25806/2021,2021-02-02
hCoV-19/USA/PA-CDC-2-3768761/2020,2020-12-21
hCoV-19/USA/NM-UNM-01975/2021,2021-01-26
hCoV-19/USA/ME-HETL-J0216/2020,2020-09-23
hCoV-19/USA/CA-CZB-22774/2020,2020-12-28
hCoV-19/USA/MI-UM-10036624405/2020,2020-10-26
hCoV-19/USA/TX-CDC-22055602/2021,2021-02-14
hCoV-19/USA/NY-Wadsworth-21018773-01/2021,2021-01-30
hCoV-19/USA/ME-HETL-J0672/2021,2021-01-07
hCoV-19/USA/WI-WSLH-201192/2020,2020-11-02
hCoV-19/USA/CA-CZB-13497/2020,2020-10-28
hCoV-19/USA/TX-HMH-MCoV-23681/2021,2021-01-14
hCoV-19/USA/TX-HMH-MCoV-23434/2021,2021-01-13
hCoV-19/USA/CT-CDC-2-3912746/2021,2021-01-21
hCoV-19/USA/MI-MDHHS-SC22921/2020,2020-11-23
hCoV-19/USA/CA-PROV-840/2020,2020-12-30
hCoV-19/USA/IL-UW-2238/2020,2020-11-12
hCoV-19/USA/LA-EVTL1564/2020,2020-12-31
hCoV-19/USA/VA-DCLS-3189/2021,2021-01-27
hCoV-19/USA/TX-HMH-MCoV-22367/2021,2021-01-12
hCoV-19/USA/HI-CDC-2-3713954/2020,2020-11-26
hCoV-19/USA/NY-Wadsworth-287512-01/2020,2020-12-14
hCoV-19/USA/ND-NDDH-0119/2021,2021-01-04
hCoV-19/USA/WI-UW-2229/2020,2020-11-03
hCoV-19/USA/NY-NYCPHL-002584/2021,2021-01-20
hCoV-19/USA/DE-CDC-2-3713979/2020,2020-10-28
hCoV-19/USA/GA-CDC-6466/2020,2020-09-22
hCoV-19/USA/WI-UW-2469/2020,2020-12-26
hCoV-19/USA/WY-WPHL-21011082/2021,2021-02-01
hCoV-19/USA/NY-Wadsworth-21008956-01/2021,2021-01-12
hCoV-19/USA/WI-WSLH-211084/2020,2020-11-20
hCoV-19/USA/FL-BPHL-2993/2020,2020-12-04
hCoV-19/USA/AL-Madison-JEEK/2020,2020-10-31
hCoV-19/USA/SC-CDC-LC0003422/2021,2021-01-10
hCoV-19/USA/MD-CDC-LC0001529/2020,2020-12-28
hCoV-19/USA/TX-HMH-MCoV-21433/2021,2021-01-07
hCoV-19/USA/AL-HGSC-JFUZ/2020,2020-12-03
hCoV-19/USA/NM-CDC-LC0018744/2021,2021-02-13
hCoV-19/USA/VA-DCLS-3158/2021,2021-01-17
hCoV-19/USA/FL-CDC-21674458/2021,2021-02-02
hCoV-19/USA/WI-GMF-40749/2020,2020-12-09
hCoV-19/USA/CT-QDX-4006/2021,2021-01-06
hCoV-19/USA/NY-PRL-2021_02_12_04E06/2021,2021-02-09
hCoV-19/USA/CA-CZB-23011/2021,2021-01-19
hCoV-19/USA/NM-CDC-21712452/2021,2021-02-04
hCoV-19/USA/TX-HMH-MCoV-25261/2021,2021-01-20
hCoV-19/USA/CA-CDC-STM-A100162/2021,2021-01-05
hCoV-19/USA/MI-UM-10036860017/2020,2020-11-09
hCoV-19/USA/NY-Wadsworth-21008798-01/2021,2021-01-06
hCoV-19/USA/CA-LACPHL-AF00373/2021,2021-01-26
hCoV-19/USA/CA-CZB-14775/2020,2020-11-09
hCoV-19/USA/TX-HMH-MCoV-18574/2020,2020-11-20
hCoV-19/USA/MI-MDHHS-SC22410/2020,2020-10-31
hCoV-19/USA/ME-HETL-J1116/2021,2021-01-18
hCoV-19/USA/TX-DSHS-2049/2020,2020-12-03
hCoV-19/USA/MI-MDHHS-SC22418/2020,2020-11-18
hCoV-19/USA/IN-CDC-STM-0000013-C01/2021,2021-01-11
hCoV-19/USA/NY-NYCPHL-001529/2020,2020-12-01
hCoV-19/USA/TX-HMH-MCoV-24212/2021,2021-01-15
hCoV-19/USA/TX-HMH-MCoV-11502/2020,2020-09-09
hCoV-19/USA/NY-NYCPHL-001786/2020,2020-12-14
hCoV-19/USA/CA-CZB-17026/2020,2020-12-18
hCoV-19/USA/TX-HMH-MCoV-19667/2020,2020-11-19
hCoV-19/USA/MN-MDH-2502/2021,2021-01-03
hCoV-19/USA/CA-CZB-19440/2021,2021-01-04
hCoV-19/USA/OR-CDC-LC0010537/2021,2021-01-25
hCoV-19/USA/AR-CDC-2-3845849/2021,2021-01-25
hCoV-19/USA/FL-QDX-4530/2020,2020-10-28
hCoV-19/USA/FL-CDC-STM-000005969/2021,2021-01-28
hCoV-19/USA/WI-UW-1739/2020,2020-09-11
hCoV-19/USA/KS-KHEL-0070/2021,2021-01-13
hCoV-19/USA/CA-CZB-15457/2020,2020-12-03
hCoV-19/USA/NY-PRL-2021_02_17_00E23/2021,2021-02-13
hCoV-19/USA/MN-MDH-1825/2020,2020-09-15
hCoV-19/USA/MI-MDHHS-SC23258/2021,2021-01-03
hCoV-19/USA/MA-CDC-22059813/2021,2021-02-15
hCoV-19/USA/CA-LACPHL-AF00412/2021,2021-01-30
hCoV-19/USA/OH-USAFSAM-S0705/2021,2021-02-05
hCoV-19/USA/NV-CDC-21611304/2021,2021-01-31
hCoV-19/USA/FL-CDC-22118815/2021,2021-02-17
hCoV-19/USA/NY-Wadsworth-21008000-01/2021,2021-01-04
hCoV-19/USA/WI-WSLH-210994/2021,2021-01-26
hCoV-19/USA/WY-WPHL-20165788/2020,2020-12-15
hCoV-19/USA/TX-HMH-MCoV-15621/2020,2020-10-26
hCoV-19/USA/AL-HGSC-JFDL/2020,2020-11-27
hCoV-19/USA/WY-WPHL-21007992/2021,2021-01-21
hCoV-19/USA/MD-MDH-0500/2020,2020-12-23
hCoV-19/USA/KY-CDC-2-3911642/2021,2021-01-07
hCoV-19/USA/TX-HMH-MCoV-24766/2021,2021-01-19
hCoV-19/USA/WI-GMF-31578/2020,2020-11-05
hCoV-19/USA/NY-Wadsworth-292381-01/2020,2020-12-18
hCoV-19/USA/IL-CDC-22028402/2021,2021-02-12
hCoV-19/USA/WI-WSLH-201781/2020,2020-12-02
hCoV-19/USA/NY-PRL-2020_1229_01E10/2020,2020-12-27
hCoV-19/USA/TX-HMH-MCoV-24402/2021,2021-01-17
hCoV-19/USA/WI-UW-2641/2021,2021-01-01
hCoV-19/USA/MA-Broad_UMMS-00181/2020,2020-09-14
hCoV-19/USA/MD-MDH-0771/2021,2021-01-26
hCoV-19/USA/CA-CDPH-UC512/2020,2020-12-07
hCoV-19/USA/IL-NM-5960/2021,2021-01-09
hCoV-19/USA/AR-CDC-LC0008521/2021,2021-01-20
hCoV-19/USA/ME-HETL-J1383/2021,2021-02-04
hCoV-19/USA/LA-EVTL1472/2020,2020-12-26
hCoV-19/USA/CT-CDC-LC0006768/2021,2021-01-19
hCoV-19/USA/TX-HMH-MCoV-21354/2020,2020-12-29
hCoV-19/USA/WA-UW-60041/2021,2021-01-21
hCoV-19/USA/TX-HMH-MCoV-23499/2021,2021-01-14
hCoV-19/USA/CA-ALSR-5728/2020,2020-11-30
hCoV-19/USA/NY-PRL-2021_02_17_00G13/2021,2021-02-12
hCoV-19/USA/CO-CDPHE-2100489365/2021,2021-02-23
hCoV-19/USA/WA-S4591/2021,2021-01-25
hCoV-19/USA/CO-CDPHE-2100406691/2021,2021-02-10
hCoV-19/USA/AZ-ASPHL-AZ00127429/2020,2020-12-16
hCoV-19/USA/DE-DHSS-B1064252/2021,2021-02-17
hCoV-19/USA/OR-OHSU-8952/2021,2021-01-01
hCoV-19/USA/NY-Wadsworth-278126-01/2020,2020-11-22
hCoV-19/USA/WI-UW-2370/2020,2020-11-02
hCoV-19/USA/MN-MDH-2586/2021,2021-01-02
hCoV-19/USA/CA-ALSR-6292/2021,2021-01-14
hCoV-19/USA/TX-HMH-MCoV-23682/2021,2021-01-14
hCoV-19/USA/TX-HMH-MCoV-24141/2021,2021-01-16
hCoV-19/USA/MD-MDH-0216/2020,2020-09-17
hCoV-19/USA/TX-HMH-MCoV-14454/2020,2020-10-07
hCoV-19/USA/NY-NYCPHL-003478/2021,2021-02-18
hCoV-19/USA/NC-UNC-LCCC0260/2020,2020-12-16
hCoV-19/USA/LA-EVTL1991/2021,2021-01-18
hCoV-19/USA/LA-EVTL1600/2021,2021-01-04
hCoV-19/USA/SC-CDC-LC0016026/2021,2021-02-11
hCoV-19/USA/NY-Wadsworth-21003533-01/2020,2020-12-23
hCoV-19/USA/OK-CDC-LC0004628/2021,2021-01-04
hCoV-19/USA/MI-MDHHS-SC24143/2021,2021-02-04
hCoV-19/USA/MN-MDH-2182/2020,2020-11-27
hCoV-19/USA/AL-HGSC-JFQY/2020,2020-12-01
hCoV-19/USA/CA-CZB-22706/2020,2020-12-16
hCoV-19/USA/OK-CDC-LC0008603/2021,2021-01-20
hCoV-19/USA/GA-CDC-9HKQ-7567/2020,2020-10-23
hCoV-19/USA/ME-HETL-J0505/2020,2020-12-28
hCoV-19/USA/NY-UB-00465/2020,2020-12-28
hCoV-19/USA/WA-S3618/2020,2020-12-29
hCoV-19/USA/VA-DCLS-2290/2020,2020-10-06
hCoV-19/USA/PA-CDC-22056860/2021,2021-02-15
hCoV-19/USA/MA-CDC-22056156/2021,2021-02-15
hCoV-19/USA/ME-CDC-2-3880509/2021,2021-01-15
hCoV-19/USA/LA-EVTL1930/2020,2020-11-14
hCoV-19/USA/VA-CDC-LC0011005/2021,2021-01-27
hCoV-19/USA/UT-UPHL-2101365403/2021,2021-01-13
hCoV-19/USA/AL-Coffee-JDXX/2020,2020-10-27
hCoV-19/USA/OR-OHSU-3333/2020,2020-10-08
hCoV-19/USA/TX-HMH-MCoV-16293/2020,2020-10-31
hCoV-19/USA/MN-MDH-2873/2021,2021-01-28
hCoV-19/USA/NY-PRL-2021_02_12_01G06/2021,2021-02-08
hCoV-19/USA/NV-NSPHL-NV2037038/2020,2020-10-27
hCoV-19/USA/UT-CDC-LC0018929/2021,2021-02-16
hCoV-19/USA/NC-USAFSAM-S596/2020,2020-11-17
hCoV-19/USA/CT-CDC-21492174/2021,2021-01-24
hCoV-19/USA/NY-NYCPHL-003046/2021,2021-02-05
hCoV-19/USA/CA-QDX-3925/2021,2021-01-09
hCoV-19/USA/CO-CDPHE-2009184258/2020,2020-09-16
hCoV-19/USA/CA-LACPHL-AF00283/2021,2021-01-18
hCoV-19/USA/NV-NSPHL-NV2065446/2021,2021-01-25
hCoV-19/USA/MD-MDH-0583/2021,2021-01-04
hCoV-19/USA/UT-UPHL-2102778258/2020,2020-12-29
hCoV-19/USA/MN-MDH-2579/2021,2021-01-13
hCoV-19/USA/LA-EVTL1690/2021,2021-01-07
hCoV-19/USA/MI-CDC-LC00001477/2020,2020-12-28
hCoV-19/USA/NV-NSPHL-340334/2021,2021-02-22
hCoV-19/USA/TX-HMH-MCoV-23197/2021,2021-01-13
hCoV-19/USA/CA-CHLA-PLM47567508/2020,2020-11-30
hCoV-19/USA/NY-PRL-2021_02_17_00O10/2021,2021-02-15
hCoV-19/USA/MI-UM-10036860723/2020,2020-11-09
hCoV-19/USA/NV-CDC-21611346/2021,2021-01-30
hCoV-19/USA/NY-Wadsworth-21009437-01/2021,2021-01-06
hCoV-19/USA/AZ-TG707650/2021,2021-01-05
hCoV-19/USA/WI-GMF-50309/2021,2021-01-19
hCoV-19/USA/TX-HMH-MCoV-23273/2021,2021-01-12
hCoV-19/USA/MN-MDH-2512/2020,2020-12-29
hCoV-19/USA/NY-Wadsworth-281667-01/2020,2020-11-30
hCoV-19/USA/MI-UM-10037815564/2021,2021-01-13
hCoV-19/USA/WV-CDC-LC0004188/2021,2021-01-02
hCoV-19/USA/AZ-OHSU-2984/2020,2020-09-09
hCoV-19/USA/WI-GMF-19604/2020,2020-09-10
hCoV-19/USA/WI-WSLH-201630/2020,2020-10-12
hCoV-19/USA/TX-HMH-MCoV-20155/2021,2021-01-01
hCoV-19/USA/IA-UIHC-MO24/2020,2020-09-09
hCoV-19/USA/MD-MDH-0481/2020,2020-11-11
hCoV-19/USA/TX-HMH-MCoV-19740/2020,2020-11-19
hCoV-19/USA/NY-PRL-2021_02_25_00B05/2021,2021-02-22
hCoV-19/USA/AL-Madison-JDYK/2020,2020-10-27
hCoV-19/USA/WA-UW-60992/2021,2021-02-02
hCoV-19/USA/NY-Wadsworth-291750-01/2020,2020-12-26
hCoV-19/USA/MN-MDH-2674/2021,2021-01-28
hCoV-19/USA/CT-CDC-21991555/2021,2021-02-11
hCoV-19/USA/TX-CDC-21571247/2021,2021-01-27
hCoV-19/USA/PR-CDC-S145/2020,2020-11-12
hCoV-19/USA/NY-NYCPHL-001864/2020,2020-12-18
hCoV-19/USA/AL-Madison-JEKJ/2020,2020-11-06
hCoV-19/USA/WI-WSLH-201770/2020,2020-12-23
hCoV-19/USA/TX-HMH-MCoV-19164/2020,2020-11-23
hCoV-19/USA/NY-PRL-2021_0205_06A04/2021,2021-02-03
hCoV-19/USA/AL-HGSC-JFQL/2020,2020-12-01
hCoV-19/USA/IL-CDC-21674233/2021,2021-02-03
hCoV-19/USA/CA-QDX-2822/2020,2020-12-26
hCoV-19/USA/MI-UM-10036813449/2020,2020-11-06
hCoV-19/USA/WA-S2844/2020,2020-09-16
hCoV-19/USA/CA-CZB-14640/2020,2020-11-16
hCoV-19/USA/WI-UW-2069/2020,2020-09-28
hCoV-19/USA/WI-CDC-LC00001850/2020,2020-12-26
hCoV-19/USA/CA-CDPH152/2020,2020-09-27
hCoV-19/USA/NY-Wadsworth-21008105-01/2021,2021-01-09
hCoV-19/USA/WY-WPHL-20171966/2020,2020-12-29
hCoV-19/USA/MA-CDC-STM-000012974/2021,2021-02-11
hCoV-19/USA/TX-HMH-MCoV-20776/2021,2021-01-06
hCoV-19/USA/TN-CDC-LC0000660/2020,2020-12-27
hCoV-19/USA/TX-HMH-MCoV-24201/2021,2021-01-15
hCoV-19/USA/UT-UPHL-201126070/2020,2020-10-05
hCoV-19/USA/NY-CDC-LC0003858/2021,2021-01-11
hCoV-19/USA/NY-PRL-2021_02_17_00H05/2021,2021-02-14
hCoV-19/USA/WI-WSLH-201996/2020,2020-12-10
hCoV-19/USA/UT-UPHL-2101549535/2021,2021-01-11
hCoV-19/USA/MA-MASPHL-01807/2021,2021-01-25
hCoV-19/USA/OR-OHSU-8665/2020,2020-12-29
hCoV-19/USA/MD-HP01303/2021,2021-01-14
hCoV-19/USA/UT-UPHL-2012795207/2020,2020-11-27
hCoV-19/USA/CT-QDX-2925/2021,2021-01-06
hCoV-19/USA/OR-OHSU-4381/2020,2020-11-04
hCoV-19/USA/LA-EVTL2057/2020,2020-09-08
hCoV-19/USA/CA-ALSR-6849/2021,2021-01-14
hCoV-19/USA/WI-WSLH-210973/2021,2021-01-29
hCoV-19/USA/VA-DCLS-2336/2020,2020-11-09
hCoV-19/USA/TX-HMH-MCoV-24108/2021,2021-01-15
hCoV-19/USA/NY-PRL-2021_0203_01F10/2021,2021-01-31
hCoV-19/USA/NY-Wadsworth-21008081-01/2021,2021-01-05
hCoV-19/USA/AK-PHL6771/2021,2021-01-29
hCoV-19/USA/GA-CDC-99R7-5540/2020,2020-11-17
hCoV-19/USA/NY-NYULH295/2021,2021-02-11
hCoV-19/USA/MN-CDC-2-3768593/2020,2020-12-16
hCoV-19/USA/MI-UM-10036848821/2020,2020-11-09
hCoV-19/USA/UT-CDC-STM-000007235/2021,2021-01-29
hCoV-19/USA/CT-CDC-2-3714083/2020,2020-11-15
hCoV-19/USA/CT-CDC-22081724/2021,2021-02-16
hCoV-19/USA/CA-CSMC333/2020,2020-12-21
hCoV-19/USA/NY-PRL-2021_0210_07H11/2021,2021-02-09
hCoV-19/USA/WY-WPHL-20167146/2020,2020-12-16
hCoV-19/USA/ME-HETL-J1043/2021,2021-01-18
hCoV-19/USA/KS-CDC-2-3846540/2021,2021-01-29
hCoV-19/USA/FL-CDC-22062335/2021,2021-02-16
hCoV-19/USA/OH-DEC106/2020,2020-12-30
hCoV-19/USA/MI-UM-10036434968/2020,2020-10-14
hCoV-19/USA/CO-CDPHE-2100471534/2021,2021-02-23
hCoV-19/USA/AZ-TG725128/2021,2021-01-25
hCoV-19/USA/CA-CZB-14818/2020,2020-11-18
hCoV-19/USA/GA-CDC-LC0009350/2021,2021-01-24
hCoV-19/USA/MI-UM-10036897828/2020,2020-11-11
hCoV-19/USA/AZ-CDC-LC0008717/2021,2021-01-21
hCoV-19/USA/WY-WPHL-21006655/2021,2021-01-18
hCoV-19/USA/TX-HMH-MCoV-16187/2020,2020-10-30
hCoV-19/USA/PA-CDC-21491775/2021,2021-01-26
hCoV-19/USA/CA-CZB-18515/2021,2021-01-06
hCoV-19/USA/TX-HHD-2102125400/2021,2021-01-27
hCoV-19/USA/TX-HMH-MCoV-15576/2020,2020-10-26
hCoV-19/USA/NY-NYULH230/2020,2020-11-12
hCoV-19/USA/CA-IGI-2973/2021,2021-01-15
hCoV-19/USA/NV-NSPHL-NV2032679/2020,2020-10-12
hCoV-19/USA/MN-MDH-2191/2020,2020-11-06
hCoV-19/USA/FL-CDC-STM-000003161/2021,2021-01-15
hCoV-19/USA/CO-CDPHE-2100478891/2021,2021-02-23
hCoV-19/USA/TX-HMH-MCoV-20546/2021,2021-01-05
hCoV-19/USA/MI-UM-10037107774/2020,2020-11-24
hCoV-19/USA/CA-ALSR-4296/2020,2020-10-20
hCoV-19/USA/AL-HGSC-JFZT/2020,2020-12-03
hCoV-19/USA/CA-CDC-21839772/2021,2021-02-08
hCoV-19/USA/AZ-ASPHL-3031/2020,2020-12-08
hCoV-19/USA/NY-Wadsworth-213736-01/2020,2020-09-09
hCoV-19/USA/CT-CDC-LC0013936/2021,2021-02-10
hCoV-19/USA/TX-HMH-MCoV-25645/2021,2021-02-01
hCoV-19/USA/FL-BPHL-2856/2020,2020-09-17
hCoV-19/USA/MS-USAFSAM-S0214/2021,2021-01-13
hCoV-19/USA/WY-WPHL-20171626/2020,2020-12-29
hCoV-19/USA/WI-WSLH-200992/2020,2020-10-06
hCoV-19/USA/NY-Wadsworth-258525-01/2020,2020-10-29
hCoV-19/USA/CA-LACPHL-AF00126/2020,2020-12-22
hCoV-19/USA/CA-ALSR-6087/2021,2021-01-07
hCoV-19/USA/LA-CDC-STM-079/2020,2020-12-28
hCoV-19/USA/NY-Wadsworth-21010149-01/2021,2021-01-06
hCoV-19/USA/CA-CZB-14712/2020,2020-10-22
hCoV-19/USA/WI-UW-2329/2020,2020-11-27
hCoV-19/USA/OR-OHSU-4099/2020,2020-10-29
hCoV-19/USA/LA-EVTL1525/2020,2020-12-29
hCoV-19/USA/NMDOH-2021037540/2021,2021-01-25
hCoV-19/USA/CA-CZB-19250/2020,2020-12-18
hCoV-19/USA/MI-UM-10036882312/2020,2020-11-10
hCoV-19/USA/WI-UW-3356/2021,2021-02-08
hCoV-19/USA/CA-QDX-4288/2021,2021-01-15
hCoV-19/USA/CA-CDPH-UC1448/2021,2021-01-05
hCoV-19/USA/NY-CDC-LC0002953/2020,2020-12-31
hCoV-19/USA/WA-OHSU-7977/2020,2020-12-18
hCoV-19/USA/MD-CDC-2-3911125/2020,2020-12-30
hCoV-19/USA/MI-CDC-2-3877482/2021,2021-01-25
hCoV-19/USA/PA-CDC-22022928/2021,2021-02-11
hCoV-19/USA/NV-NSPHL-324285/2021,2021-01-11
hCoV-19/USA/CA-QDX-3623/2021,2021-01-08
hCoV-19/USA/CA-ALSR-4710/2020,2020-09-29
hCoV-19/USA/WI-WSLH-210372/2021,2021-01-20
hCoV-19/USA/CA-CZB-18484/2021,2021-01-04
hCoV-19/USA/MI-UM-10036754004/2020,2020-11-03
hCoV-19/USA/WA-UW-46976/2020,2020-12-13
hCoV-19/USA/CO-CDPHE-2100478761/2021,2021-02-21
hCoV-19/USA/UT-CDC-LC0011935/2021,2021-01-29
hCoV-19/USA/TX-HMH-MCoV-22152/2021,2021-01-08
hCoV-19/USA/NH-CDC-STM-000005890/2021,2021-01-28
hCoV-19/USA/TX-HMH-MCoV-16053/2020,2020-10-27
hCoV-19/USA/WY-CDC-2-3714467/2020,2020-12-04
hCoV-19/USA/CA-ALSR-6106/2021,2021-01-07
hCoV-19/USA/OR-CDC-LC0008786/2021,2021-01-21
hCoV-19/USA/TX-HMH-MCoV-14359/2020,2020-10-05
hCoV-19/USA/WI-WSLH-201721/2020,2020-10-19
hCoV-19/USA/AZ-ASPHL-2908/2020,2020-11-23
hCoV-19/USA/HI-H200607/2020,2020-11-23
hCoV-19/USA/NV-QDX-3264/2020,2020-11-12
hCoV-19/USA/AL-HGSC-JICR/2021,2021-02-05
hCoV-19/USA/CA-CZB-14697/2020,2020-11-17
hCoV-19/USA/PA-CDC-LC0001394/2020,2020-12-26
hCoV-19/USA/VA-DCLS-2910/2020,2020-12-25
hCoV-19/USA/MI-UM-10036756404/2020,2020-11-03
hCoV-19/USA/OR-OHSU-5423/2020,2020-11-17
hCoV-19/USA/NY-PRL-2021_02_15_02B11/2021,2021-02-14
hCoV-19/USA/ME-HETL-J0729/2021,2021-01-06
hCoV-19/USA/TX-HMH-MCoV-14131/2020,2020-10-02
hCoV-19/USA/WA-PROV-732/2020,2020-10-29
hCoV-19/USA/NH-CDC-LC0015910/2021,2021-02-09
hCoV-19/USA/GA-CDC-2-3877964/2021,2021-01-27
hCoV-19/USA/TX-HMH-MCoV-14302/2020,2020-10-06
hCoV-19/USA/TX-HMH-MCoV-24123/2021,2021-01-15
hCoV-19/USA/AZ-CDC-STM-000007562/2021,2021-01-29
hCoV-19/USA/OR-OHSU-9423/2021,2021-01-07
hCoV-19/USA/FL-BPHL-2649/2020,2020-11-17
hCoV-19/USA/TX-HMH-MCoV-11232/2020,2020-09-02
hCoV-19/USA/CO-CDPHE-2100009945/2020,2020-11-19
hCoV-19/USA/CA-QDX-3737/2021,2021-01-08
hCoV-19/USA/MI-MDHHS-SC22297/2020,2020-11-02
hCoV-19/USA/CO-CDC-STM-000001636/2021,2021-01-13
hCoV-19/USA/ME-CDC-21715822/2021,2021-02-03
hCoV-19/USA/TX-HMH-MCoV-24998/2021,2021-01-20
hCoV-19/USA/PA-CDC-STM-000012433/2021,2021-02-09
hCoV-19/USA/NY-Wadsworth-287498-01/2020,2020-12-15
hCoV-19/USA/NY-PRL-2021_02_17_00B13/2021,2021-02-14
hCoV-19/USA/AZ-ASPHL-AZ00127241/2020,2020-12-19
