node,nsp6_Delta9,ORF9_TRS-3
root,0,0
EPI_ISL_753533,0,0
n0,0,0
n1,0,0
n2,0,0
EPI_ISL_832606,0,0
EPI_ISL_677506,0,0
EPI_ISL_677387,0,0
n3,0,0
n4,0,0
n5,0,0
EPI_ISL_1113313,0,0
EPI_ISL_1074472,0,0
n6,0,0
EPI_ISL_1080202,0,0
n7,0,0
n8,0,0
n9,0,0
n10,0,0
n11,0,0
n12,0,0
n13,0,0
EPI_ISL_786334,0,0
EPI_ISL_787040,0,0
EPI_ISL_784757,0,0
n14,0,0
EPI_ISL_848893,0,0
n15,0,0
EPI_ISL_786032,0,0
EPI_ISL_787636,0,0
EPI_ISL_786044,0,0
n16,0,0
EPI_ISL_785761,0,0
n17,0,0
n18,0,0
n19,0,0
EPI_ISL_790096,0,0
EPI_ISL_783727,0,0
EPI_ISL_1079527,0,0
EPI_ISL_787810,0,0
n20,0,0
n21,0,0
n22,0,0
n23,0,0
EPI_ISL_903823,0,0
n24,0,0
n25,0,0
n26,0,0
n27,0,0
n28,0,0
n29,0,0
n30,0,0
EPI_ISL_936210,0,0
EPI_ISL_966485,0,0
n31,0,0
n32,0,0
n33,0,0
n34,0,0
n35,0,0
n36,0,0
n37,0,0
n38,0,0
n39,0,0
n40,0,0
n41,0,0
n42,0,0
n43,0,0
EPI_ISL_767545,0,0
n44,0,0
EPI_ISL_754449,0,0
n45,0,0
EPI_ISL_1032580,0,0
n46,0,0
EPI_ISL_843187,0,0
EPI_ISL_911908,0,0
EPI_ISL_632996,0,0
EPI_ISL_886807,0,0
n47,0,0
n48,0,0
n49,0,0
n50,0,0
EPI_ISL_785927,0,0
n51,0,0
EPI_ISL_1087145,0,0
EPI_ISL_886246,0,0
n52,0,0
EPI_ISL_1038671,0,0
EPI_ISL_1133113,0,0
n53,0,0
n54,0,0
n55,0,0
n56,0,0
EPI_ISL_1078546,0,0
EPI_ISL_978601,0,0
n57,0,0
n58,0,0
EPI_ISL_1029955,0,0
n59,0,0
n60,0,0
EPI_ISL_1041355,0,0
EPI_ISL_983457,0,0
n61,0,0
EPI_ISL_1139499,0,0
n62,0,0
n63,0,0
EPI_ISL_1090339,0,0
EPI_ISL_1163300,0,0
n64,0,0
EPI_ISL_1094886,0,0
EPI_ISL_955053,0,0
n65,0,0
n66,0,0
n67,0,0
EPI_ISL_983473,0,0
n68,0,0
EPI_ISL_983447,0,0
EPI_ISL_983451,0,0
EPI_ISL_751771,0,0
EPI_ISL_1086562,0,0
EPI_ISL_1134667,0,0
n69,0,0
n70,0,0
EPI_ISL_747050,0,0
EPI_ISL_794141,0,0
n71,0,0
n72,0,0
EPI_ISL_1090941,0,0
EPI_ISL_769948,0,0
n73,0,0
EPI_ISL_888080,0,0
EPI_ISL_915348,0,0
n74,0,0
EPI_ISL_1022131,0,0
n75,0,0
EPI_ISL_754518,0,0
n76,0,0
EPI_ISL_734335,0,0
EPI_ISL_754520,0,0
n77,0,0
n78,0,0
n79,0,0
n80,0,0
EPI_ISL_832305,0,0
EPI_ISL_884033,0,0
EPI_ISL_754605,0,0
n81,0,0
EPI_ISL_903755,0,0
n82,0,0
EPI_ISL_767458,0,0
EPI_ISL_884069,0,0
n83,0,0
EPI_ISL_876322,0,0
EPI_ISL_977072,0,0
EPI_ISL_677104,0,0
EPI_ISL_752947,0,0
n84,0,0
n85,0,0
n86,0,0
EPI_ISL_925837,0,0
EPI_ISL_978374,0,0
EPI_ISL_978398,0,0
n87,0,0
n88,0,0
EPI_ISL_1097760,0,0
EPI_ISL_751844,0,0
EPI_ISL_767056,0,0
n89,0,0
n90,0,0
n91,0,0
EPI_ISL_753004,0,0
EPI_ISL_752993,0,0
EPI_ISL_967563,0,0
EPI_ISL_1049302,0,0
n92,0,0
n93,0,0
n94,0,0
EPI_ISL_752922,0,0
EPI_ISL_832652,0,0
EPI_ISL_752975,0,0
n95,0,0
EPI_ISL_753058,0,0
n96,0,0
n97,0,0
n98,0,0
n99,0,0
n100,0,0
n101,0,0
n102,0,0
EPI_ISL_753247,0,0
EPI_ISL_753248,0,0
EPI_ISL_967525,0,0
EPI_ISL_967625,0,0
EPI_ISL_967539,0,0
n103,0,0
EPI_ISL_753236,0,0
EPI_ISL_753258,0,0
EPI_ISL_967697,0,0
EPI_ISL_967582,0,0
EPI_ISL_753062,0,0
n104,0,0
EPI_ISL_824947,0,0
EPI_ISL_787822,0,0
n105,0,0
n106,0,0
n107,0,0
n108,0,0
EPI_ISL_824666,0,0
n109,0,0
EPI_ISL_893733,0,0
EPI_ISL_1038458,0,0
EPI_ISL_752905,0,0
EPI_ISL_1110126,0,0
n110,0,0
EPI_ISL_1090631,0,0
n111,0,0
n112,0,0
n113,0,0
n114,0,0
EPI_ISL_753197,0,0
EPI_ISL_753182,0,0
EPI_ISL_753136,0,0
EPI_ISL_753166,0,0
EPI_ISL_753150,0,0
EPI_ISL_752978,0,0
n115,0,0
n116,0,0
n117,0,0
n118,0,0
n119,0,0
EPI_ISL_936054,0,0
EPI_ISL_857250,0,0
EPI_ISL_1168451,0,0
EPI_ISL_966888,0,0
n120,0,0
n121,0,0
EPI_ISL_734460,0,0
EPI_ISL_734468,0,0
n122,0,0
n123,0,0
EPI_ISL_790292,0,0
EPI_ISL_790143,0,0
EPI_ISL_955411,0,0
n124,0,0
EPI_ISL_880220,0,0
n125,0,0
EPI_ISL_984561,0,0
n126,0,0
n127,0,0
n128,0,0
n129,0,0
EPI_ISL_677614,0,0
EPI_ISL_1009270,0,0
n130,0,0
n131,0,0
EPI_ISL_979237,0,0
n132,0,0
n133,0,0
n134,0,0
EPI_ISL_739188,0,0
n135,0,0
EPI_ISL_955405,0,0
EPI_ISL_905812,0,0
EPI_ISL_672520,0,0
EPI_ISL_806868,0,0
EPI_ISL_739583,0,0
n136,0,0
n137,0,0
EPI_ISL_906350,0,0
EPI_ISL_583168,0,0
EPI_ISL_739489,0,0
n138,0,0
n139,0,0
EPI_ISL_1136339,0,0
EPI_ISL_1136311,0,0
EPI_ISL_625619,0,0
EPI_ISL_982441,0,0
n140,0,0
EPI_ISL_936833,0,0
EPI_ISL_785153,0,0
EPI_ISL_648927,0,0
n141,0,0
n142,0,0
EPI_ISL_1064879,0,0
n143,0,0
n144,0,0
EPI_ISL_636150,0,0
n145,0,0
n146,0,0
n147,0,0
EPI_ISL_875594,0,0
n148,0,0
EPI_ISL_648384,0,0
n149,0,0
n150,0,0
n151,0,0
EPI_ISL_739025,0,0
EPI_ISL_1136860,0,0
EPI_ISL_1015339,0,0
n152,0,0
n153,0,0
EPI_ISL_648937,0,0
EPI_ISL_648485,0,0
n154,0,0
EPI_ISL_1027268,0,0
n155,0,0
n156,0,0
EPI_ISL_747212,0,0
EPI_ISL_872792,0,0
n157,0,0
EPI_ISL_936759,0,0
n158,0,0
n159,0,0
EPI_ISL_925514,0,0
EPI_ISL_1081400,0,0
EPI_ISL_978561,0,0
n160,0,0
n161,0,0
EPI_ISL_906369,0,0
n162,0,0
n163,0,0
EPI_ISL_625487,0,0
n164,0,0
EPI_ISL_936870,0,0
EPI_ISL_1036262,0,0
EPI_ISL_1079666,0,0
n165,0,0
n166,0,0
n167,0,0
n168,0,0
n169,0,0
EPI_ISL_1081678,0,0
EPI_ISL_753334,0,0
n170,0,0
n171,0,0
EPI_ISL_625645,0,0
EPI_ISL_1032316,0,0
EPI_ISL_1015715,0,0
n172,0,0
n173,0,0
n174,0,0
EPI_ISL_913683,0,0
EPI_ISL_751660,0,0
n175,0,0
EPI_ISL_982422,0,0
EPI_ISL_1169552,0,0
n176,0,0
EPI_ISL_635762,0,0
EPI_ISL_692851,0,0
n177,0,0
n178,0,0
EPI_ISL_1122284,0,0
EPI_ISL_1122287,0,0
EPI_ISL_739232,0,0
n179,0,0
n180,0,0
n181,0,0
n182,0,0
EPI_ISL_831864,0,0
EPI_ISL_878358,0,0
n183,1,0
EPI_ISL_905967,1,0
EPI_ISL_978460,1,0
EPI_ISL_824725,0,0
n184,0,0
n185,0,0
n186,0,0
n187,0,0
EPI_ISL_1038493,0,0
EPI_ISL_832355,0,0
n188,0,0
EPI_ISL_683826,0,0
n189,0,0
n190,0,0
EPI_ISL_966469,0,0
n191,0,0
n192,0,0
n193,0,0
n194,0,0
n195,0,0
EPI_ISL_861399,0,0
EPI_ISL_824302,0,0
n196,0,0
EPI_ISL_937457,0,0
EPI_ISL_683778,0,0
EPI_ISL_1068007,0,0
EPI_ISL_1016281,0,0
EPI_ISL_896506,0,0
EPI_ISL_683809,0,0
EPI_ISL_1097872,0,0
n197,0,0
EPI_ISL_937441,0,0
EPI_ISL_857420,0,0
n198,0,0
EPI_ISL_847770,0,0
n199,0,0
n200,0,0
n201,0,0
EPI_ISL_861127,0,0
n202,0,0
n203,0,0
EPI_ISL_982660,0,0
EPI_ISL_856942,0,0
n204,0,0
n205,0,0
n206,0,0
n207,0,0
EPI_ISL_734279,0,0
EPI_ISL_941242,0,0
EPI_ISL_734265,0,0
EPI_ISL_1078019,0,0
n208,0,0
n209,0,0
n210,0,0
n211,0,0
EPI_ISL_824953,0,0
EPI_ISL_804022,0,0
n212,0,0
EPI_ISL_1163541,0,0
EPI_ISL_906681,0,0
n213,0,0
EPI_ISL_1048762,0,0
EPI_ISL_937470,0,0
EPI_ISL_812204,0,0
n214,0,0
EPI_ISL_765761,0,0
n215,0,0
n216,0,0
n217,0,0
n218,0,0
n219,0,0
n220,0,0
EPI_ISL_1016617,0,0
EPI_ISL_888363,0,0
n221,0,0
EPI_ISL_1170982,0,0
EPI_ISL_925152,0,0
EPI_ISL_1095432,0,0
EPI_ISL_803331,0,0
n222,0,0
EPI_ISL_967963,0,0
n223,0,0
EPI_ISL_832729,0,0
n224,0,0
n225,0,0
n226,0,0
EPI_ISL_812224,0,0
n227,0,0
EPI_ISL_877544,0,0
EPI_ISL_884166,0,0
n228,0,0
n229,0,0
n230,0,0
EPI_ISL_583531,0,0
EPI_ISL_913157,0,0
EPI_ISL_737305,0,0
EPI_ISL_707818,0,0
EPI_ISL_1168680,0,0
EPI_ISL_785279,0,0
n231,0,0
n232,0,0
EPI_ISL_1074309,0,0
n233,0,0
EPI_ISL_1077265,0,0
EPI_ISL_1076197,0,0
n234,0,0
EPI_ISL_856922,0,0
EPI_ISL_942456,0,0
n235,0,0
EPI_ISL_635936,0,0
n236,0,0
n237,0,0
n238,0,0
n239,0,0
n240,0,0
n241,0,0
n242,0,0
EPI_ISL_746225,0,0
EPI_ISL_753415,0,0
n243,0,0
n244,0,0
EPI_ISL_1088129,0,0
EPI_ISL_1161310,0,0
EPI_ISL_943848,0,0
EPI_ISL_628938,0,0
n245,0,0
n246,0,0
EPI_ISL_765834,0,0
n247,0,0
EPI_ISL_672427,0,0
EPI_ISL_1068050,0,0
n248,0,0
EPI_ISL_931546,0,0
EPI_ISL_1049251,0,0
EPI_ISL_1036667,0,0
EPI_ISL_845659,0,0
n249,0,0
n250,0,0
EPI_ISL_1136279,0,0
n251,0,0
EPI_ISL_903716,0,0
EPI_ISL_888217,0,0
n252,0,0
EPI_ISL_787049,0,0
EPI_ISL_831923,0,0
n253,0,0
n254,0,0
n255,0,0
n256,0,0
n257,0,0
EPI_ISL_753592,0,0
EPI_ISL_824556,0,0
n258,0,0
EPI_ISL_878682,0,0
EPI_ISL_636036,0,0
n259,0,0
EPI_ISL_832794,0,0
EPI_ISL_636067,0,0
n260,0,0
EPI_ISL_746128,0,0
n261,0,0
EPI_ISL_861013,0,0
n262,0,0
n263,0,0
n264,0,0
EPI_ISL_1027369,0,0
EPI_ISL_1089308,0,0
EPI_ISL_667059,0,0
n265,0,0
EPI_ISL_1029082,0,0
EPI_ISL_1159651,0,0
EPI_ISL_1094665,0,0
EPI_ISL_930680,0,0
n266,0,0
EPI_ISL_1017131,0,0
n267,0,0
EPI_ISL_710233,0,0
n268,0,0
n269,0,0
n270,0,0
EPI_ISL_1090571,0,0
EPI_ISL_1031872,0,0
n271,0,0
EPI_ISL_784912,0,0
EPI_ISL_784988,0,0
n272,0,0
EPI_ISL_888327,0,0
EPI_ISL_967238,0,0
EPI_ISL_940809,0,0
n273,0,0
n274,0,0
n275,0,0
EPI_ISL_666796,0,0
n276,0,0
n277,0,0
EPI_ISL_1095075,0,0
n278,0,0
n279,0,0
EPI_ISL_982425,0,0
EPI_ISL_1090918,0,0
n280,0,0
EPI_ISL_830611,0,0
EPI_ISL_936090,0,0
EPI_ISL_1021753,0,0
n281,0,0
EPI_ISL_1163450,0,0
EPI_ISL_629057,0,0
n282,0,0
n283,0,0
n284,0,0
n285,0,0
n286,0,0
n287,0,0
EPI_ISL_1080304,0,0
n288,0,0
n289,0,0
n290,0,0
EPI_ISL_787594,0,0
n291,0,0
EPI_ISL_1075577,0,0
EPI_ISL_1076962,0,0
n292,0,0
EPI_ISL_1039555,0,0
n293,0,0
EPI_ISL_755429,0,0
EPI_ISL_784944,0,0
EPI_ISL_903949,0,0
EPI_ISL_1087094,0,0
n294,0,0
EPI_ISL_596422,0,0
n295,0,0
n296,0,0
EPI_ISL_889585,0,0
EPI_ISL_753432,0,0
EPI_ISL_682104,0,0
n297,0,0
n298,0,0
EPI_ISL_728125,0,0
n299,0,0
n300,0,0
n301,0,0
EPI_ISL_1133218,0,0
n302,0,0
n303,0,0
n304,0,0
EPI_ISL_1088395,0,0
n305,0,0
EPI_ISL_1032284,0,0
EPI_ISL_1079664,0,0
n306,0,0
EPI_ISL_967412,0,0
EPI_ISL_903737,0,0
n307,0,0
EPI_ISL_1079596,0,0
EPI_ISL_1075197,0,0
n308,0,0
n309,0,0
EPI_ISL_883093,0,0
EPI_ISL_1094883,0,0
n310,0,0
n311,0,0
EPI_ISL_785853,0,0
EPI_ISL_857130,0,0
EPI_ISL_877392,0,0
n312,0,0
n313,0,0
n314,0,0
n315,0,0
EPI_ISL_785138,0,0
n316,0,0
EPI_ISL_1077055,0,0
EPI_ISL_883235,0,0
EPI_ISL_883079,0,0
n317,0,0
n318,0,0
EPI_ISL_766920,0,0
n319,0,0
EPI_ISL_1087154,0,0
EPI_ISL_1087733,0,0
n320,0,0
EPI_ISL_1040116,0,0
EPI_ISL_768479,0,0
n321,0,0
EPI_ISL_1132973,0,0
n322,0,0
n323,0,0
EPI_ISL_1088936,0,0
n324,0,0
EPI_ISL_983800,0,0
EPI_ISL_983799,0,0
n325,0,0
EPI_ISL_883258,0,0
EPI_ISL_888119,0,0
n326,0,0
EPI_ISL_871858,0,0
EPI_ISL_802992,0,0
n327,0,0
n328,0,0
n329,0,0
n330,0,0
EPI_ISL_1075639,0,0
n331,0,0
EPI_ISL_1076985,0,0
n332,0,0
EPI_ISL_788908,0,0
EPI_ISL_759751,0,0
n333,0,0
n334,0,0
EPI_ISL_955814,0,0
EPI_ISL_1095083,0,0
EPI_ISL_785727,0,0
EPI_ISL_768470,0,0
EPI_ISL_931559,0,0
n335,0,0
EPI_ISL_787923,0,0
n336,0,0
n337,0,0
EPI_ISL_1039579,0,0
n338,0,0
EPI_ISL_790126,0,0
EPI_ISL_783960,0,0
n339,0,0
EPI_ISL_1077146,0,0
n340,0,0
n341,0,0
n342,0,0
n343,0,0
EPI_ISL_955884,0,0
n344,0,0
EPI_ISL_1014895,0,0
EPI_ISL_1059139,0,0
EPI_ISL_1059156,0,0
EPI_ISL_1059167,0,0
n345,0,0
EPI_ISL_1059002,0,0
EPI_ISL_955930,0,0
n346,0,0
EPI_ISL_824975,0,0
EPI_ISL_1077150,0,0
n347,0,0
EPI_ISL_967363,0,0
EPI_ISL_1090646,0,0
n348,0,0
n349,0,0
n350,0,0
EPI_ISL_1074858,0,0
n351,0,0
n352,0,0
EPI_ISL_1161353,0,0
n353,0,0
n354,0,0
EPI_ISL_880014,0,0
n355,0,0
n356,0,0
n357,0,0
n358,0,0
EPI_ISL_776720,0,0
EPI_ISL_1171362,0,0
EPI_ISL_962799,0,0
n359,0,0
EPI_ISL_730300,0,0
n360,0,0
EPI_ISL_1081513,0,0
EPI_ISL_738958,0,0
n361,0,0
EPI_ISL_1087530,0,0
n362,0,0
n363,0,0
n364,0,0
EPI_ISL_1097865,0,0
EPI_ISL_1097910,0,0
n365,0,0
n366,0,0
EPI_ISL_1134198,0,0
EPI_ISL_1081673,0,0
EPI_ISL_849793,0,0
EPI_ISL_1134148,0,0
n367,0,0
EPI_ISL_812419,0,0
EPI_ISL_667371,0,0
n368,0,0
n369,0,0
EPI_ISL_913842,0,0
EPI_ISL_936395,0,0
EPI_ISL_1136752,0,0
n370,0,0
EPI_ISL_1088965,0,0
n371,0,0
n372,0,0
n373,0,0
EPI_ISL_1029225,0,0
EPI_ISL_978559,0,0
n374,0,0
n375,0,0
EPI_ISL_629061,0,0
EPI_ISL_648293,0,0
n376,0,0
EPI_ISL_1029577,0,0
EPI_ISL_1076731,0,0
n377,0,0
n378,0,0
EPI_ISL_832554,0,0
EPI_ISL_783734,0,0
EPI_ISL_753689,0,0
EPI_ISL_583404,0,0
n379,0,0
EPI_ISL_1015821,0,0
n380,0,0
n381,0,0
n382,0,0
n383,0,0
EPI_ISL_1163789,0,0
EPI_ISL_966662,0,0
n384,0,0
n385,0,0
n386,0,0
n387,0,0
n388,0,0
n389,0,0
n390,0,0
n391,0,0
EPI_ISL_977069,0,0
EPI_ISL_876825,0,0
n392,0,0
n393,0,0
EPI_ISL_1122218,0,0
EPI_ISL_1048721,0,0
EPI_ISL_765786,0,0
n394,0,0
n395,0,0
n396,0,0
n397,0,0
EPI_ISL_804594,0,0
EPI_ISL_1121967,0,0
EPI_ISL_941932,0,0
n398,0,0
EPI_ISL_941930,0,0
EPI_ISL_1118915,0,0
EPI_ISL_1098044,0,0
n399,0,0
n400,0,0
n401,0,0
EPI_ISL_1077493,0,0
EPI_ISL_1121052,0,0
EPI_ISL_648295,0,0
n402,0,0
n403,0,0
n404,0,0
n405,0,0
EPI_ISL_784460,0,0
n406,0,0
n407,0,0
EPI_ISL_786474,0,0
n408,0,0
EPI_ISL_937064,0,0
EPI_ISL_613538,0,0
n409,0,0
n410,0,0
n411,0,0
n412,0,0
EPI_ISL_786344,0,0
n413,0,0
n414,0,0
n415,0,0
n416,0,0
EPI_ISL_955010,0,0
n417,0,0
n418,0,0
EPI_ISL_967358,0,0
EPI_ISL_1058846,0,0
n419,0,0
EPI_ISL_1029260,0,0
EPI_ISL_784040,0,0
EPI_ISL_1029844,0,0
EPI_ISL_786616,0,0
n420,0,0
EPI_ISL_845827,0,0
EPI_ISL_1121514,0,0
n421,0,0
EPI_ISL_786717,0,0
EPI_ISL_787556,0,0
n422,0,0
n423,0,0
EPI_ISL_885131,0,0
EPI_ISL_936458,0,0
n424,0,0
EPI_ISL_983903,0,0
EPI_ISL_826408,0,0
n425,0,0
EPI_ISL_1031960,0,0
EPI_ISL_1122060,0,0
n426,0,0
EPI_ISL_751595,0,0
n427,0,0
EPI_ISL_614205,0,0
n428,0,0
n429,0,0
n430,0,0
EPI_ISL_682129,0,0
EPI_ISL_832416,0,0
n431,0,0
EPI_ISL_878693,0,0
EPI_ISL_830719,0,0
n432,0,0
n433,0,0
EPI_ISL_1136832,0,0
EPI_ISL_873154,0,0
EPI_ISL_590727,0,0
n434,0,0
n435,0,0
n436,0,0
EPI_ISL_1079602,0,0
EPI_ISL_787853,0,0
EPI_ISL_787683,0,0
n437,0,0
n438,0,0
n439,0,0
n440,0,0
n441,0,0
n442,0,0
n443,0,0
n444,0,0
n445,0,0
EPI_ISL_747125,0,0
EPI_ISL_1094645,0,0
n446,0,0
EPI_ISL_1077400,0,0
EPI_ISL_889447,0,0
n447,0,0
EPI_ISL_1038346,0,0
n448,0,0
EPI_ISL_965813,0,0
n449,0,0
EPI_ISL_1077251,0,0
EPI_ISL_1029390,0,0
n450,0,0
n451,0,0
EPI_ISL_880061,0,0
EPI_ISL_768345,0,0
n452,0,0
EPI_ISL_1036903,0,0
n453,0,0
n454,0,0
EPI_ISL_962268,0,0
n455,0,0
n456,0,0
EPI_ISL_889777,0,0
EPI_ISL_889782,0,0
EPI_ISL_1079304,0,0
n457,0,0
n458,0,0
EPI_ISL_1038799,0,0
EPI_ISL_1163015,0,0
n459,0,0
EPI_ISL_747208,0,0
EPI_ISL_1040010,0,0
n460,0,0
EPI_ISL_1077560,0,0
EPI_ISL_1078175,0,0
n461,0,0
n462,0,0
n463,0,0
EPI_ISL_786587,0,0
EPI_ISL_925830,0,0
EPI_ISL_1081190,0,0
EPI_ISL_812386,0,0
n464,0,0
n465,0,0
n466,0,0
n467,0,0
EPI_ISL_785058,0,0
EPI_ISL_683966,0,0
EPI_ISL_1113920,0,0
EPI_ISL_1075986,0,0
n468,0,0
n469,0,0
n470,0,0
EPI_ISL_1080179,0,0
EPI_ISL_1077134,0,0
EPI_ISL_1041784,0,0
n471,0,0
n472,0,0
EPI_ISL_1080870,0,0
EPI_ISL_1077640,0,0
n473,0,0
n474,0,0
n475,0,0
n476,0,0
n477,0,0
n478,0,0
EPI_ISL_1076971,0,0
n479,0,0
n480,0,0
EPI_ISL_1079063,0,0
n481,0,0
EPI_ISL_783959,0,0
EPI_ISL_1077925,0,0
EPI_ISL_785975,0,0
n482,0,0
EPI_ISL_1078661,0,0
n483,0,0
n484,0,0
EPI_ISL_1075031,0,0
EPI_ISL_1078555,0,0
n485,0,0
n486,0,0
EPI_ISL_786959,0,0
n487,0,0
EPI_ISL_1079782,0,0
n488,0,0
EPI_ISL_1058935,0,0
EPI_ISL_1158222,0,0
EPI_ISL_790291,0,0
n489,0,0
n490,0,0
n491,0,0
n492,0,0
n493,0,0
n494,0,0
EPI_ISL_1078541,0,0
n495,0,0
EPI_ISL_1094247,0,0
n496,0,0
n497,0,0
n498,0,0
n499,0,0
n500,0,0
EPI_ISL_1139557,0,0
n501,0,0
n502,0,0
n503,0,0
EPI_ISL_1161369,0,0
EPI_ISL_876316,0,0
EPI_ISL_830714,0,0
n504,0,0
EPI_ISL_935471,0,0
EPI_ISL_1036871,0,0
n505,0,0
EPI_ISL_876463,0,0
EPI_ISL_831766,0,0
n506,0,0
n507,0,0
EPI_ISL_982691,0,0
EPI_ISL_955716,0,0
EPI_ISL_790016,0,0
EPI_ISL_785110,0,0
n508,0,0
EPI_ISL_785010,0,0
n509,0,0
EPI_ISL_787692,0,0
EPI_ISL_1077723,0,0
n510,0,0
n511,0,0
n512,0,0
n513,0,0
n514,0,0
n515,0,0
EPI_ISL_787850,0,0
EPI_ISL_984569,0,0
n516,0,0
n517,0,0
n518,0,0
n519,0,0
n520,0,0
n521,0,0
n522,0,0
EPI_ISL_661017,0,0
EPI_ISL_942430,0,0
n523,0,0
n524,0,0
n525,0,0
EPI_ISL_883636,0,0
n526,0,0
EPI_ISL_883705,0,0
EPI_ISL_883715,0,0
EPI_ISL_1076667,0,0
EPI_ISL_883718,0,0
n527,0,0
n528,0,0
n529,0,0
n530,0,0
n531,0,0
n532,0,0
n533,0,0
n534,0,0
EPI_ISL_915346,0,0
EPI_ISL_888482,0,0
EPI_ISL_1021786,0,0
n535,0,0
n536,0,0
EPI_ISL_903098,0,0
EPI_ISL_885074,0,0
EPI_ISL_783871,0,0
n537,0,0
n538,0,0
EPI_ISL_1031857,0,0
EPI_ISL_937068,0,0
EPI_ISL_707861,0,0
n539,0,0
n540,0,0
n541,0,0
n542,0,0
n543,0,0
n544,0,0
n545,0,0
EPI_ISL_1078374,0,0
n546,0,0
n547,0,0
n548,0,0
n549,0,0
EPI_ISL_1075023,0,0
EPI_ISL_730164,0,0
n550,0,0
n551,0,0
EPI_ISL_751753,0,0
EPI_ISL_739318,0,0
n552,0,0
n553,0,0
EPI_ISL_707820,0,0
EPI_ISL_936791,0,0
EPI_ISL_1049972,0,0
n554,0,0
EPI_ISL_849610,0,0
n555,0,0
n556,0,0
EPI_ISL_677410,0,0
EPI_ISL_1067952,0,0
EPI_ISL_831488,0,0
n557,0,0
EPI_ISL_1009598,0,0
EPI_ISL_1009474,0,0
EPI_ISL_984067,0,0
EPI_ISL_1029705,0,0
n558,0,0
EPI_ISL_738908,0,0
EPI_ISL_1121688,0,0
n559,0,0
n560,0,0
EPI_ISL_1094625,0,0
EPI_ISL_1075492,0,0
n561,0,0
n562,0,0
EPI_ISL_1020529,0,0
EPI_ISL_1029952,0,0
n563,0,0
EPI_ISL_1094857,0,0
EPI_ISL_982457,0,0
n564,0,0
n565,0,0
n566,0,0
EPI_ISL_903295,0,0
n567,0,0
EPI_ISL_982768,0,0
EPI_ISL_1114423,0,0
n568,0,0
n569,0,0
EPI_ISL_751555,0,0
EPI_ISL_1121072,0,0
EPI_ISL_1086664,0,0
n570,0,0
EPI_ISL_861096,0,0
EPI_ISL_1087938,0,0
EPI_ISL_877303,0,0
EPI_ISL_708366,0,0
n571,0,0
n572,0,0
n573,0,0
EPI_ISL_1075660,0,0
EPI_ISL_1086794,0,0
EPI_ISL_1077700,0,0
EPI_ISL_903532,0,0
n574,0,0
n575,0,0
n576,0,0
n577,0,0
EPI_ISL_803689,0,0
n578,0,0
n579,0,0
EPI_ISL_965198,0,0
EPI_ISL_888330,0,0
n580,0,0
n581,0,0
n582,0,0
n583,0,0
EPI_ISL_784082,0,0
n584,0,0
n585,0,0
EPI_ISL_1088185,0,0
EPI_ISL_856914,0,0
EPI_ISL_1089377,0,0
n586,0,0
n587,0,0
EPI_ISL_1086545,0,0
EPI_ISL_1058958,0,0
EPI_ISL_886487,0,0
EPI_ISL_1038330,0,0
n588,0,0
EPI_ISL_1134210,0,0
EPI_ISL_1029340,0,0
n589,0,0
n590,0,0
n591,0,0
EPI_ISL_738962,0,0
EPI_ISL_850016,0,0
EPI_ISL_1136872,0,0
EPI_ISL_708286,0,0
EPI_ISL_1017474,0,0
EPI_ISL_888665,0,0
n592,0,0
n593,0,0
EPI_ISL_1139772,0,0
n594,0,0
n595,0,0
n596,0,0
n597,0,0
n598,0,0
n599,0,0
EPI_ISL_677469,0,0
n600,0,0
n601,0,0
n602,0,0
EPI_ISL_683748,0,0
EPI_ISL_683749,0,0
EPI_ISL_1029098,0,0
n603,0,0
EPI_ISL_1161251,0,0
EPI_ISL_942295,0,0
EPI_ISL_803710,0,0
n604,0,0
n605,0,0
EPI_ISL_1114084,0,0
EPI_ISL_1139254,0,0
n606,0,0
n607,0,0
n608,0,0
n609,0,0
n610,0,0
n611,0,0
n612,0,0
n613,0,0
EPI_ISL_832978,0,0
EPI_ISL_832997,0,0
EPI_ISL_1048644,0,0
EPI_ISL_937398,0,0
n614,0,0
EPI_ISL_966767,0,0
EPI_ISL_832966,0,0
EPI_ISL_906204,0,0
EPI_ISL_873256,0,0
n615,0,0
n616,0,0
n617,0,0
EPI_ISL_677391,0,0
EPI_ISL_1031893,0,0
EPI_ISL_660862,0,0
n618,0,0
n619,0,0
EPI_ISL_873091,0,0
n620,0,0
n621,0,0
n622,0,0
n623,0,0
n624,0,0
n625,0,0
EPI_ISL_754827,0,0
n626,0,0
n627,0,0
EPI_ISL_734331,0,0
EPI_ISL_1090615,0,0
n628,0,0
EPI_ISL_754714,0,0
n629,0,0
EPI_ISL_767435,0,0
n630,0,0
n631,0,0
n632,0,0
EPI_ISL_754698,0,0
EPI_ISL_1114133,0,0
n633,0,0
EPI_ISL_754696,0,0
EPI_ISL_734364,0,0
EPI_ISL_755390,0,0
n634,0,0
n635,0,0
EPI_ISL_734385,0,0
n636,0,0
EPI_ISL_1169965,0,0
EPI_ISL_1094747,0,0
n637,0,0
EPI_ISL_794047,0,0
EPI_ISL_754729,0,0
EPI_ISL_1086515,0,0
n638,0,0
EPI_ISL_824919,0,0
EPI_ISL_942716,0,0
n639,0,0
EPI_ISL_803456,0,0
n640,0,0
EPI_ISL_887546,0,0
EPI_ISL_677549,0,0
n641,0,0
EPI_ISL_794058,0,0
EPI_ISL_803561,0,0
n642,0,0
n643,0,0
n644,0,0
n645,0,0
n646,0,0
EPI_ISL_861079,0,0
EPI_ISL_1029675,0,0
EPI_ISL_1159588,0,0
EPI_ISL_984031,0,0
EPI_ISL_1067849,0,0
n647,0,0
n648,0,0
n649,0,0
n650,0,0
EPI_ISL_962119,0,0
n651,0,0
EPI_ISL_942121,0,0
n652,0,0
EPI_ISL_872877,0,0
n653,0,0
n654,0,0
n655,0,0
EPI_ISL_1081318,0,0
EPI_ISL_984132,0,0
EPI_ISL_1059235,0,0
EPI_ISL_1087238,0,0
n656,0,0
EPI_ISL_872836,0,0
n657,0,0
n658,0,0
n659,0,0
EPI_ISL_1029840,0,0
EPI_ISL_984227,0,0
EPI_ISL_1040904,0,0
n660,0,0
EPI_ISL_1136524,0,0
EPI_ISL_1090392,0,0
n661,0,0
EPI_ISL_913585,0,0
EPI_ISL_942067,0,0
EPI_ISL_1094862,0,0
n662,0,0
EPI_ISL_1074410,0,0
n663,0,0
n664,0,0
n665,0,0
n666,0,0
n667,0,0
EPI_ISL_937050,0,0
n668,0,0
EPI_ISL_682220,0,0
n669,0,0
n670,0,0
n671,0,0
EPI_ISL_831553,0,0
EPI_ISL_1029624,0,0
EPI_ISL_605431,0,0
EPI_ISL_967589,0,0
EPI_ISL_803834,0,0
n672,0,0
n673,0,0
n674,0,0
n675,0,0
EPI_ISL_1036498,0,0
EPI_ISL_888209,0,0
EPI_ISL_1067910,0,0
n676,0,0
EPI_ISL_1086421,0,0
EPI_ISL_1038659,0,0
n677,0,0
n678,0,0
n679,0,0
EPI_ISL_984102,0,0
EPI_ISL_1136665,0,0
EPI_ISL_872871,0,0
n680,0,0
EPI_ISL_896538,0,0
EPI_ISL_1087130,0,0
EPI_ISL_1134554,0,0
n681,0,0
n682,0,0
n683,0,0
EPI_ISL_660940,0,0
n684,0,0
n685,0,0
n686,0,0
EPI_ISL_660950,0,0
n687,0,0
EPI_ISL_1076901,0,0
n688,0,0
EPI_ISL_942621,0,0
n689,0,0
EPI_ISL_942571,0,0
EPI_ISL_942539,0,0
n690,0,0
n691,0,0
n692,0,0
EPI_ISL_1088421,0,0
EPI_ISL_677402,0,0
EPI_ISL_605751,0,0
EPI_ISL_1067891,0,0
EPI_ISL_942749,0,0
n693,0,0
n694,0,0
EPI_ISL_784780,0,0
n695,0,0
EPI_ISL_784158,0,0
EPI_ISL_784450,0,0
EPI_ISL_784835,0,0
n696,0,0
n697,0,0
EPI_ISL_984000,0,0
n698,0,0
EPI_ISL_1088912,0,0
EPI_ISL_1017862,0,0
EPI_ISL_955035,0,0
EPI_ISL_905958,0,0
EPI_ISL_650096,0,0
EPI_ISL_843189,0,0
n699,0,0
n700,0,0
n701,0,0
n702,0,0
n703,0,0
EPI_ISL_747106,0,0
EPI_ISL_1087175,0,0
EPI_ISL_1086455,0,0
n704,0,0
n705,0,0
n706,0,0
n707,0,0
n708,0,0
EPI_ISL_803425,0,0
EPI_ISL_1136471,0,0
n709,0,0
EPI_ISL_1075904,0,0
n710,0,0
EPI_ISL_936640,0,0
n711,0,0
EPI_ISL_1067859,0,0
EPI_ISL_1114633,0,0
n712,0,0
EPI_ISL_942325,0,0
EPI_ISL_754626,0,0
n713,0,0
n714,0,0
n715,0,0
EPI_ISL_873261,0,0
EPI_ISL_605479,0,0
n716,0,0
n717,0,0
n718,0,0
n719,0,0
EPI_ISL_1134624,0,0
EPI_ISL_1031882,0,0
EPI_ISL_1077725,0,0
n720,0,0
EPI_ISL_1049985,0,0
EPI_ISL_1121066,0,0
EPI_ISL_941316,0,0
n721,0,0
EPI_ISL_936941,0,0
EPI_ISL_1074796,0,0
n722,0,0
n723,0,0
n724,0,0
n725,0,0
EPI_ISL_872853,0,0
n726,0,0
n727,0,0
n728,0,0
EPI_ISL_660837,0,0
n729,0,0
EPI_ISL_942875,0,0
EPI_ISL_942726,0,0
n730,0,0
EPI_ISL_1134041,0,0
EPI_ISL_1080177,0,0
EPI_ISL_886675,0,0
EPI_ISL_850045,0,0
EPI_ISL_677516,0,0
n731,0,0
n732,0,0
EPI_ISL_603001,0,0
EPI_ISL_603003,0,0
EPI_ISL_1067863,0,0
n733,0,0
EPI_ISL_1029177,0,0
n734,0,0
n735,0,0
n736,0,0
n737,0,0
EPI_ISL_1139348,0,0
n738,0,0
EPI_ISL_984791,0,0
EPI_ISL_861439,0,0
EPI_ISL_967149,0,0
n739,0,0
n740,0,0
EPI_ISL_1094447,0,0
EPI_ISL_754578,0,0
n741,0,0
EPI_ISL_1081244,0,0
n742,0,0
EPI_ISL_1134608,0,0
EPI_ISL_896567,0,0
EPI_ISL_888022,0,0
n743,0,0
n744,0,0
n745,0,0
EPI_ISL_754643,0,0
n746,0,0
EPI_ISL_942529,0,0
n747,0,0
EPI_ISL_942665,0,0
EPI_ISL_942671,0,0
n748,0,0
n749,0,0
n750,0,0
n751,0,0
EPI_ISL_1159337,0,0
n752,0,0
EPI_ISL_976969,0,0
EPI_ISL_767572,0,0
EPI_ISL_728486,0,0
n753,0,0
EPI_ISL_883663,0,0
EPI_ISL_677607,0,0
EPI_ISL_803350,0,0
EPI_ISL_660923,0,0
n754,0,0
n755,0,0
EPI_ISL_1029619,0,0
n756,0,0
EPI_ISL_605450,0,0
EPI_ISL_728037,0,0
EPI_ISL_942551,0,0
n757,0,0
n758,0,0
n759,0,0
n760,0,0
EPI_ISL_1113766,0,0
EPI_ISL_1113911,0,0
EPI_ISL_1078867,0,0
n761,0,0
EPI_ISL_1086614,0,0
n762,0,0
EPI_ISL_755519,0,0
EPI_ISL_935979,0,0
EPI_ISL_961115,0,0
n763,0,0
n764,0,0
n765,0,0
n766,0,0
n767,0,0
n768,0,0
EPI_ISL_1075969,0,0
EPI_ISL_1094091,0,0
n769,0,0
EPI_ISL_936169,0,0
EPI_ISL_889549,0,0
EPI_ISL_791475,0,0
n770,0,0
EPI_ISL_1161100,0,0
n771,0,0
EPI_ISL_931461,0,0
EPI_ISL_876205,0,0
EPI_ISL_1089267,0,0
n772,0,0
n773,0,0
n774,0,0
n775,0,0
n776,0,0
n777,0,0
EPI_ISL_1075737,0,0
n778,0,0
n779,0,0
EPI_ISL_1114566,0,0
n780,0,0
n781,0,0
EPI_ISL_1113978,0,0
EPI_ISL_1069379,0,0
n782,0,0
EPI_ISL_1090399,0,0
EPI_ISL_1089073,0,0
n783,0,0
EPI_ISL_728050,0,0
EPI_ISL_1077855,0,0
n784,0,0
n785,0,0
EPI_ISL_807117,0,0
n786,0,0
n787,0,0
EPI_ISL_832052,0,0
EPI_ISL_1121077,0,0
n788,0,0
n789,0,0
n790,0,0
n791,0,0
n792,0,0
EPI_ISL_1121636,0,0
EPI_ISL_779337,0,0
EPI_ISL_955020,0,0
EPI_ISL_1079947,0,0
EPI_ISL_1009260,0,0
n793,0,0
n794,0,0
EPI_ISL_832472,0,0
EPI_ISL_1074862,0,0
EPI_ISL_831760,0,0
EPI_ISL_1076565,0,0
n795,0,0
n796,0,0
n797,0,0
EPI_ISL_1064223,0,0
EPI_ISL_803345,0,0
n798,0,0
n799,0,0
EPI_ISL_1079849,0,0
EPI_ISL_1078870,0,0
EPI_ISL_890182,0,0
n800,0,0
EPI_ISL_1159283,0,0
EPI_ISL_1076308,0,0
n801,0,0
n802,0,0
n803,0,0
EPI_ISL_967168,0,0
EPI_ISL_1086633,0,0
EPI_ISL_925205,0,0
n804,0,0
n805,0,0
n806,0,0
n807,0,0
n808,0,0
n809,0,0
EPI_ISL_979493,0,0
EPI_ISL_883526,0,0
n810,0,0
EPI_ISL_1097662,0,0
n811,0,0
n812,0,0
n813,0,0
n814,0,0
n815,0,0
n816,0,0
n817,0,0
EPI_ISL_966748,0,0
n818,0,0
n819,0,0
n820,0,0
EPI_ISL_1029334,0,0
EPI_ISL_860950,0,0
n821,0,0
EPI_ISL_877542,0,0
EPI_ISL_1161196,0,0
EPI_ISL_884095,0,0
EPI_ISL_1092001,0,0
n822,0,0
EPI_ISL_884122,0,0
EPI_ISL_1038646,0,0
n823,0,0
EPI_ISL_980944,0,0
EPI_ISL_883709,0,0
n824,0,0
EPI_ISL_1114040,0,0
EPI_ISL_966703,0,0
n825,0,0
n826,0,0
EPI_ISL_884667,0,0
EPI_ISL_1078097,0,0
n827,0,0
EPI_ISL_1086969,0,0
EPI_ISL_1090413,0,0
n828,0,0
EPI_ISL_1097707,0,0
EPI_ISL_883076,0,0
EPI_ISL_979511,0,0
n829,0,0
n830,0,0
n831,0,0
EPI_ISL_883105,0,0
EPI_ISL_875934,0,0
EPI_ISL_877263,0,0
EPI_ISL_1076017,0,0
n832,0,0
EPI_ISL_1086255,0,0
n833,0,0
n834,0,0
n835,0,0
EPI_ISL_1077797,0,0
EPI_ISL_875922,0,0
EPI_ISL_884110,0,0
n836,0,0
n837,0,0
EPI_ISL_931466,0,0
EPI_ISL_1020752,0,0
EPI_ISL_1094682,0,0
n838,0,0
n839,0,0
n840,0,0
EPI_ISL_1016136,0,0
n841,0,0
n842,0,0
EPI_ISL_1021250,0,0
EPI_ISL_1089166,0,0
EPI_ISL_888504,0,0
EPI_ISL_1094121,0,0
n843,0,0
n844,0,0
n845,0,0
n846,0,0
n847,0,0
EPI_ISL_1016107,0,0
EPI_ISL_791425,0,0
EPI_ISL_983301,0,0
EPI_ISL_1009457,0,0
n848,0,0
n849,0,0
n850,0,0
n851,0,0
EPI_ISL_786146,0,0
EPI_ISL_1168698,0,0
n852,0,0
EPI_ISL_1079046,0,0
EPI_ISL_1076117,0,0
EPI_ISL_1064716,0,0
EPI_ISL_888569,0,0
n853,0,0
EPI_ISL_786635,0,0
n854,0,0
n855,0,0
EPI_ISL_1038539,0,0
EPI_ISL_1094716,0,0
EPI_ISL_1075463,0,0
n856,0,0
EPI_ISL_1030111,0,0
EPI_ISL_883723,0,0
n857,0,0
n858,0,0
n859,0,0
EPI_ISL_1090385,0,0
EPI_ISL_1139495,0,0
n860,0,0
n861,0,0
n862,0,0
n863,0,0
EPI_ISL_1095359,0,0
EPI_ISL_1095349,0,0
EPI_ISL_1029842,0,0
n864,0,0
n865,0,0
EPI_ISL_765864,0,0
EPI_ISL_1023605,0,0
EPI_ISL_644842,0,0
n866,0,0
n867,0,0
EPI_ISL_1059106,0,0
n868,0,0
EPI_ISL_955874,0,0
EPI_ISL_1059202,0,0
EPI_ISL_1059174,0,0
n869,0,0
n870,0,0
EPI_ISL_886588,0,0
EPI_ISL_979539,0,0
n871,0,0
EPI_ISL_786788,0,0
EPI_ISL_786764,0,0
n872,0,0
n873,0,0
n874,0,0
EPI_ISL_824697,0,0
n875,0,0
n876,0,0
n877,0,0
EPI_ISL_1118796,0,0
EPI_ISL_1121505,0,0
n878,0,0
EPI_ISL_913189,0,0
EPI_ISL_1159261,0,0
EPI_ISL_766776,0,0
EPI_ISL_1134185,0,0
n879,0,0
EPI_ISL_1134657,0,0
n880,0,0
n881,0,0
EPI_ISL_1049513,0,0
n882,0,0
n883,0,0
n884,0,0
n885,0,0
EPI_ISL_1009531,0,0
n886,0,0
n887,0,0
n888,0,0
EPI_ISL_886653,0,0
n889,0,0
n890,0,0
EPI_ISL_1091021,0,0
EPI_ISL_1110082,0,0
EPI_ISL_872879,0,0
EPI_ISL_1031938,0,0
EPI_ISL_1118789,0,0
EPI_ISL_605521,0,0
n891,0,0
EPI_ISL_967642,0,0
n892,0,0
EPI_ISL_1089152,0,0
n893,0,0
EPI_ISL_967491,0,0
EPI_ISL_1029406,0,0
EPI_ISL_977067,0,0
EPI_ISL_1122144,0,0
n894,0,0
n895,0,0
n896,0,0
EPI_ISL_1121769,0,0
n897,0,0
EPI_ISL_1021784,0,0
n898,0,0
EPI_ISL_1031861,0,0
EPI_ISL_1095251,0,0
EPI_ISL_1089067,0,0
EPI_ISL_1086306,0,0
EPI_ISL_1161396,0,0
EPI_ISL_1079169,0,0
n899,0,0
EPI_ISL_955637,0,0
EPI_ISL_739063,0,0
EPI_ISL_942903,0,0
n900,0,0
n901,0,0
n902,0,0
EPI_ISL_1032536,0,0
EPI_ISL_966765,0,0
n903,0,0
n904,0,0
n905,0,0
n906,0,0
n907,0,0
n908,0,0
n909,0,0
n910,0,0
EPI_ISL_574669,0,0
EPI_ISL_596442,0,0
EPI_ISL_667462,0,0
n911,0,0
EPI_ISL_1139175,0,0
EPI_ISL_1087302,0,0
EPI_ISL_1022377,0,0
n912,0,0
n913,0,0
n914,0,0
n915,0,0
n916,0,0
EPI_ISL_1078545,0,0
n917,0,0
n918,0,0
EPI_ISL_962661,0,0
EPI_ISL_751789,0,0
n919,0,0
EPI_ISL_804809,0,0
n920,0,0
EPI_ISL_768421,0,0
EPI_ISL_884926,0,0
EPI_ISL_1169851,0,0
n921,0,0
n922,0,0
n923,0,0
EPI_ISL_1122104,0,0
n924,0,0
EPI_ISL_930706,0,0
EPI_ISL_930701,0,0
n925,0,0
EPI_ISL_1079440,0,0
EPI_ISL_837541,0,0
n926,0,0
n927,0,0
n928,0,0
n929,0,0
EPI_ISL_886928,0,0
EPI_ISL_832609,0,0
EPI_ISL_671722,0,0
n930,0,0
n931,0,0
n932,0,0
EPI_ISL_984521,0,0
n933,0,0
n934,0,0
EPI_ISL_832436,0,0
n935,0,0
EPI_ISL_848824,0,0
EPI_ISL_1122047,0,0
n936,0,0
EPI_ISL_756216,0,0
EPI_ISL_1017901,0,0
n937,0,0
n938,0,0
EPI_ISL_1029800,0,0
n939,0,0
EPI_ISL_1087816,0,0
EPI_ISL_903217,0,0
n940,0,0
n941,0,0
EPI_ISL_937343,0,0
n942,0,0
n943,0,0
EPI_ISL_831838,0,0
EPI_ISL_890950,0,0
n944,0,0
EPI_ISL_746446,0,0
EPI_ISL_771292,0,0
EPI_ISL_890981,0,0
EPI_ISL_966886,0,0
n945,0,0
EPI_ISL_650099,0,0
EPI_ISL_849617,0,0
n946,0,0
n947,0,0
n948,0,0
EPI_ISL_967436,0,0
EPI_ISL_826311,0,0
n949,0,0
n950,0,0
n951,0,0
EPI_ISL_1094584,0,0
EPI_ISL_746995,0,0
n952,0,0
EPI_ISL_746998,0,0
EPI_ISL_746271,0,0
EPI_ISL_1029117,0,0
n953,0,0
n954,0,0
n955,0,0
EPI_ISL_856953,0,0
EPI_ISL_884897,0,0
n956,0,0
EPI_ISL_884922,0,0
EPI_ISL_648386,0,0
EPI_ISL_1171138,0,0
n957,0,0
n958,0,0
n959,0,0
EPI_ISL_1094760,0,0
EPI_ISL_756235,0,0
EPI_ISL_1015740,0,0
EPI_ISL_648516,0,0
n960,0,0
EPI_ISL_1080401,0,0
n961,0,0
n962,0,0
n963,0,0
n964,0,0
EPI_ISL_1087820,0,0
EPI_ISL_1075138,0,0
n965,0,0
n966,0,0
EPI_ISL_1080286,0,0
EPI_ISL_1076024,0,0
n967,0,0
EPI_ISL_1079023,0,0
n968,0,0
n969,0,0
EPI_ISL_1136120,0,0
n970,0,0
n971,0,0
EPI_ISL_1113981,0,0
EPI_ISL_753586,0,0
EPI_ISL_882974,0,0
EPI_ISL_913187,0,0
EPI_ISL_891065,0,0
n972,0,0
n973,0,0
EPI_ISL_1021765,0,0
n974,0,0
EPI_ISL_1097434,0,0
n975,0,0
n976,0,0
n977,0,0
n978,0,0
EPI_ISL_941246,0,0
EPI_ISL_1159327,0,0
EPI_ISL_771338,0,0
EPI_ISL_1009847,0,0
n979,0,0
EPI_ISL_1086465,0,0
n980,0,0
n981,0,0
n982,0,0
EPI_ISL_1171136,0,0
EPI_ISL_1090906,0,0
EPI_ISL_965052,0,0
n983,0,0
EPI_ISL_1171266,0,0
EPI_ISL_1029555,0,0
n984,0,0
n985,0,0
EPI_ISL_978677,0,0
n986,0,0
EPI_ISL_1094463,0,0
EPI_ISL_1038905,0,0
n987,0,0
EPI_ISL_1094929,0,0
EPI_ISL_914671,0,0
EPI_ISL_806873,0,0
EPI_ISL_1078763,0,0
n988,0,0
n989,0,0
n990,0,0
EPI_ISL_966696,0,0
EPI_ISL_830575,0,0
n991,0,0
EPI_ISL_785883,0,0
EPI_ISL_779322,0,0
n992,0,0
EPI_ISL_877323,0,0
n993,0,0
EPI_ISL_1090810,0,0
n994,0,0
EPI_ISL_1076832,0,0
n995,0,0
n996,0,0
n997,0,0
n998,0,0
EPI_ISL_1134552,0,0
n999,0,0
n1000,0,0
EPI_ISL_886390,0,0
n1001,0,0
n1002,0,0
n1003,0,0
EPI_ISL_982013,0,0
n1004,0,0
n1005,0,0
EPI_ISL_1079083,0,0
EPI_ISL_1089350,0,0
EPI_ISL_888924,0,0
EPI_ISL_1086237,0,0
n1006,0,0
EPI_ISL_888516,0,0
n1007,0,0
EPI_ISL_904108,0,0
EPI_ISL_1139395,0,0
n1008,0,0
n1009,0,0
n1010,0,0
n1011,0,0
n1012,0,0
n1013,0,0
n1014,0,0
n1015,0,0
EPI_ISL_1110116,0,0
EPI_ISL_905898,0,0
EPI_ISL_911880,0,0
EPI_ISL_1113982,0,0
n1016,0,0
EPI_ISL_1137062,0,0
EPI_ISL_1030113,0,0
EPI_ISL_1086610,0,0
EPI_ISL_1076334,0,0
EPI_ISL_955333,0,0
EPI_ISL_978686,0,0
EPI_ISL_1094979,0,0
n1017,0,0
EPI_ISL_1080140,0,0
n1018,0,0
n1019,0,0
n1020,0,0
EPI_ISL_778971,0,0
EPI_ISL_778994,0,0
EPI_ISL_779003,0,0
n1021,0,0
n1022,0,0
EPI_ISL_768445,0,0
EPI_ISL_779099,0,0
EPI_ISL_1163868,0,0
EPI_ISL_1075170,0,0
n1023,0,0
EPI_ISL_1076845,0,0
n1024,0,0
n1025,0,0
n1026,0,0
EPI_ISL_979409,0,0
EPI_ISL_979407,0,0
n1027,0,0
n1028,0,0
EPI_ISL_783790,0,0
EPI_ISL_784679,0,0
EPI_ISL_1077932,0,0
n1029,0,0
EPI_ISL_1076943,0,0
EPI_ISL_1079010,0,0
n1030,0,0
n1031,0,0
n1032,0,0
n1033,0,0
EPI_ISL_884248,0,0
n1034,0,0
EPI_ISL_1090478,0,0
EPI_ISL_787068,0,0
n1035,0,0
n1036,0,0
n1037,0,0
n1038,0,0
EPI_ISL_785174,0,0
EPI_ISL_980943,0,0
EPI_ISL_981130,0,0
EPI_ISL_903064,0,0
n1039,0,0
n1040,0,0
n1041,0,0
EPI_ISL_1087711,0,0
n1042,0,0
EPI_ISL_869236,0,0
EPI_ISL_1016905,0,0
EPI_ISL_787802,0,0
n1043,0,0
n1044,0,0
EPI_ISL_886843,0,0
n1045,0,0
EPI_ISL_1078371,0,0
EPI_ISL_825012,0,0
n1046,0,0
EPI_ISL_1078885,0,0
n1047,0,0
EPI_ISL_906020,0,0
EPI_ISL_1122041,0,0
n1048,0,0
EPI_ISL_1076042,0,0
EPI_ISL_1076722,0,0
n1049,0,0
n1050,0,0
n1051,0,0
EPI_ISL_1032104,0,0
n1052,0,0
n1053,0,0
EPI_ISL_1075423,0,0
n1054,0,0
EPI_ISL_785255,0,0
EPI_ISL_1077024,0,0
n1055,0,0
n1056,0,0
EPI_ISL_1114143,0,0
n1057,0,0
EPI_ISL_888557,0,0
n1058,0,0
EPI_ISL_1078236,0,0
EPI_ISL_1079501,0,0
n1059,0,0
EPI_ISL_1076756,0,0
EPI_ISL_1075241,0,0
n1060,0,0
EPI_ISL_1077489,0,0
n1061,0,0
EPI_ISL_979396,0,0
n1062,0,0
n1063,0,0
EPI_ISL_1074519,0,0
EPI_ISL_1079727,0,0
EPI_ISL_1075869,0,0
EPI_ISL_1076501,0,0
n1064,0,0
n1065,0,0
n1066,0,0
n1067,0,0
n1068,0,0
EPI_ISL_1048795,0,0
EPI_ISL_1163462,0,0
EPI_ISL_1136139,0,0
EPI_ISL_937065,0,0
n1069,0,0
n1070,0,0
n1071,0,0
n1072,0,0
n1073,0,0
EPI_ISL_861057,0,0
n1074,0,0
n1075,0,0
EPI_ISL_1058068,0,0
EPI_ISL_1091672,0,0
EPI_ISL_1094818,0,0
n1076,0,0
n1077,0,0
EPI_ISL_876707,0,0
n1078,0,0
EPI_ISL_1032165,0,0
EPI_ISL_1097782,0,0
n1079,0,0
EPI_ISL_1088917,0,0
EPI_ISL_936709,0,0
n1080,0,0
n1081,0,0
n1082,0,0
n1083,0,0
n1084,0,0
n1085,0,0
EPI_ISL_735474,0,0
EPI_ISL_807119,0,0
EPI_ISL_1110076,0,0
n1086,0,0
EPI_ISL_1121286,0,0
n1087,0,0
n1088,0,0
EPI_ISL_888395,0,0
EPI_ISL_1029646,0,0
n1089,0,0
n1090,0,0
EPI_ISL_861223,0,0
EPI_ISL_887988,0,0
n1091,0,0
n1092,0,0
n1093,0,0
EPI_ISL_765529,0,0
EPI_ISL_896309,0,0
EPI_ISL_765526,0,0
EPI_ISL_903676,0,0
n1094,0,0
EPI_ISL_832849,0,0
EPI_ISL_1086284,0,0
EPI_ISL_1157004,0,0
n1095,0,0
n1096,0,0
EPI_ISL_888379,0,0
EPI_ISL_1064175,0,0
n1097,0,0
EPI_ISL_728096,0,0
n1098,0,0
EPI_ISL_942462,0,0
EPI_ISL_661037,0,0
n1099,0,0
n1100,0,0
n1101,0,0
EPI_ISL_1038587,0,0
EPI_ISL_790219,0,0
n1102,0,0
n1103,0,0
n1104,0,0
EPI_ISL_1016663,0,0
n1105,0,0
EPI_ISL_1087196,0,0
n1106,0,0
n1107,0,0
n1108,0,0
n1109,0,0
n1110,0,0
EPI_ISL_1078571,0,0
n1111,0,0
n1112,0,0
EPI_ISL_1088488,0,0
EPI_ISL_1167982,0,0
n1113,0,0
EPI_ISL_1031998,0,0
EPI_ISL_1038778,0,0
n1114,0,0
EPI_ISL_1095270,0,0
n1115,0,0
n1116,0,0
EPI_ISL_984863,0,0
EPI_ISL_888382,0,0
n1117,0,0
n1118,0,0
EPI_ISL_1161226,0,0
EPI_ISL_1086582,0,0
EPI_ISL_966874,0,0
EPI_ISL_1030222,0,0
EPI_ISL_1076883,0,0
n1119,0,0
EPI_ISL_650076,0,0
EPI_ISL_967838,0,0
EPI_ISL_1076499,0,0
n1120,0,0
n1121,0,0
n1122,0,0
EPI_ISL_875589,0,0
n1123,0,0
EPI_ISL_883213,0,0
n1124,0,0
n1125,0,0
EPI_ISL_876494,0,0
EPI_ISL_1087431,0,0
n1126,0,0
n1127,0,0
n1128,0,0
n1129,0,0
EPI_ISL_876375,0,0
EPI_ISL_1094891,0,0
EPI_ISL_1163207,0,0
EPI_ISL_1159593,0,0
EPI_ISL_872408,0,0
EPI_ISL_1088000,0,0
n1130,0,0
n1131,0,0
EPI_ISL_1090835,0,0
EPI_ISL_1078568,0,0
n1132,0,0
n1133,0,0
EPI_ISL_886404,0,0
EPI_ISL_1080015,0,0
EPI_ISL_877471,0,0
EPI_ISL_966479,0,0
n1134,0,0
n1135,0,0
n1136,0,0
n1137,0,0
EPI_ISL_1139422,0,0
EPI_ISL_753661,0,0
n1138,0,0
n1139,0,0
EPI_ISL_914904,0,0
EPI_ISL_824601,0,0
EPI_ISL_1075410,0,0
EPI_ISL_1075606,0,0
n1140,0,0
n1141,0,0
EPI_ISL_1078034,0,0
EPI_ISL_1080145,0,0
n1142,0,0
EPI_ISL_1078741,0,0
EPI_ISL_1080009,0,0
EPI_ISL_1077779,0,0
n1143,0,0
n1144,0,0
n1145,0,0
n1146,0,0
n1147,0,0
n1148,0,0
n1149,0,0
n1150,0,0
EPI_ISL_739559,0,0
EPI_ISL_885076,0,0
EPI_ISL_786027,0,0
EPI_ISL_832702,0,0
n1151,0,0
n1152,0,0
EPI_ISL_877297,0,0
EPI_ISL_1030153,0,0
n1153,0,0
n1154,0,0
n1155,0,0
EPI_ISL_860947,0,0
EPI_ISL_1095053,0,0
n1156,0,0
EPI_ISL_1021727,0,0
n1157,0,0
n1158,0,0
n1159,0,0
n1160,0,0
n1161,0,0
n1162,0,0
EPI_ISL_1137538,0,0
EPI_ISL_1022343,0,0
n1163,0,0
EPI_ISL_967316,0,0
EPI_ISL_1021211,0,0
EPI_ISL_1029931,0,0
n1164,0,0
n1165,0,0
EPI_ISL_1086542,0,0
EPI_ISL_888142,0,0
n1166,0,0
EPI_ISL_1076678,0,0
EPI_ISL_887550,0,0
n1167,0,0
n1168,0,0
EPI_ISL_877247,0,0
EPI_ISL_876466,0,0
EPI_ISL_771353,0,0
n1169,0,0
EPI_ISL_965172,0,0
EPI_ISL_1088137,0,0
EPI_ISL_903685,0,0
n1170,0,0
EPI_ISL_1080107,0,0
n1171,0,0
EPI_ISL_1039551,0,0
EPI_ISL_1039629,0,0
n1172,0,0
n1173,0,0
n1174,0,0
n1175,0,0
EPI_ISL_888168,0,0
n1176,0,0
n1177,0,0
EPI_ISL_1086361,0,0
EPI_ISL_876843,0,0
EPI_ISL_1077174,0,0
n1178,0,0
EPI_ISL_1079175,0,0
EPI_ISL_884124,0,0
n1179,0,0
n1180,0,0
n1181,0,0
n1182,0,0
EPI_ISL_1012912,0,0
n1183,0,0
n1184,0,0
n1185,0,0
n1186,0,0
EPI_ISL_1075932,0,0
EPI_ISL_875582,0,0
n1187,0,0
n1188,0,0
n1189,0,0
n1190,0,0
n1191,0,0
n1192,0,0
EPI_ISL_1080075,0,0
EPI_ISL_1076687,0,0
EPI_ISL_1076684,0,0
EPI_ISL_1086305,0,0
n1193,0,0
EPI_ISL_1094828,0,0
EPI_ISL_875603,0,0
n1194,0,0
n1195,0,0
n1196,0,0
n1197,0,0
n1198,0,0
n1199,0,0
EPI_ISL_767485,0,0
EPI_ISL_769933,0,0
EPI_ISL_983254,0,0
EPI_ISL_935402,0,0
n1200,0,0
EPI_ISL_824532,0,0
n1201,0,0
EPI_ISL_755075,0,0
n1202,0,0
EPI_ISL_755114,0,0
EPI_ISL_755093,0,0
n1203,0,0
n1204,0,0
n1205,0,0
n1206,0,0
n1207,0,0
n1208,0,0
EPI_ISL_1077896,0,0
n1209,0,0
n1210,0,0
EPI_ISL_771348,0,0
EPI_ISL_983830,0,0
EPI_ISL_925235,0,0
n1211,0,0
n1212,0,0
EPI_ISL_983797,0,0
n1213,0,0
n1214,0,0
EPI_ISL_1009253,0,0
EPI_ISL_1169969,0,0
EPI_ISL_888076,0,0
n1215,0,0
EPI_ISL_847767,0,0
EPI_ISL_1016166,0,0
n1216,0,0
EPI_ISL_1074329,0,0
EPI_ISL_911945,0,0
EPI_ISL_965881,0,0
n1217,0,0
n1218,0,0
EPI_ISL_876896,0,0
EPI_ISL_965965,0,0
n1219,0,0
EPI_ISL_1009817,0,0
EPI_ISL_682221,0,0
n1220,0,0
n1221,0,0
n1222,0,0
EPI_ISL_831933,0,0
EPI_ISL_596621,0,0
EPI_ISL_857084,0,0
EPI_ISL_968082,0,0
EPI_ISL_1032102,0,0
n1223,0,0
n1224,0,0
EPI_ISL_857417,0,0
EPI_ISL_753367,0,0
n1225,0,0
n1226,0,0
EPI_ISL_1038895,0,0
EPI_ISL_832123,0,0
EPI_ISL_1094790,0,0
n1227,0,0
n1228,0,0
n1229,0,0
EPI_ISL_967509,0,0
EPI_ISL_1087649,0,0
n1230,0,0
n1231,0,0
n1232,0,0
EPI_ISL_786298,0,0
EPI_ISL_1080044,0,0
n1233,0,0
EPI_ISL_1049945,0,0
n1234,0,0
EPI_ISL_889754,0,0
EPI_ISL_979399,0,0
n1235,0,0
EPI_ISL_1079058,0,0
n1236,0,0
n1237,0,0
EPI_ISL_536757,0,0
n1238,0,0
EPI_ISL_831805,0,0
n1239,0,0
EPI_ISL_918223,0,0
EPI_ISL_1049308,0,0
EPI_ISL_1079504,0,0
n1240,0,0
n1241,0,0
EPI_ISL_677202,0,0
n1242,0,0
n1243,0,0
n1244,0,0
EPI_ISL_1016400,0,0
EPI_ISL_1098374,0,0
n1245,0,0
n1246,0,0
EPI_ISL_791456,0,0
EPI_ISL_728118,0,0
EPI_ISL_1121896,0,0
EPI_ISL_1076011,0,0
n1247,0,0
EPI_ISL_1093586,0,0
n1248,0,0
EPI_ISL_783982,0,0
EPI_ISL_1075754,0,0
n1249,0,0
n1250,0,0
EPI_ISL_936187,0,0
n1251,0,0
EPI_ISL_848061,0,0
n1252,0,0
n1253,0,0
EPI_ISL_1077781,0,0
EPI_ISL_771322,0,0
n1254,0,0
EPI_ISL_1049978,0,0
n1255,0,0
EPI_ISL_1113983,0,0
EPI_ISL_1049333,0,0
n1256,0,0
EPI_ISL_765981,0,0
n1257,0,0
n1258,0,0
n1259,0,0
EPI_ISL_965094,0,0
EPI_ISL_1059947,0,0
EPI_ISL_819227,0,0
EPI_ISL_765972,0,0
n1260,0,0
n1261,0,0
EPI_ISL_1095124,0,0
EPI_ISL_784877,0,0
n1262,0,0
EPI_ISL_832790,0,0
EPI_ISL_904119,0,0
n1263,0,0
n1264,0,0
EPI_ISL_1075427,0,0
n1265,0,0
n1266,0,0
n1267,0,0
EPI_ISL_856861,0,0
EPI_ISL_1081729,0,0
n1268,0,0
EPI_ISL_1079612,0,0
n1269,0,0
EPI_ISL_784765,0,0
EPI_ISL_1076378,0,0
n1270,0,0
EPI_ISL_1164899,0,0
EPI_ISL_789711,0,0
n1271,0,0
EPI_ISL_1075234,0,0
n1272,0,0
EPI_ISL_1163311,0,0
n1273,0,0
n1274,0,0
n1275,0,0
EPI_ISL_746975,0,0
EPI_ISL_931567,0,0
EPI_ISL_1060165,0,0
EPI_ISL_872812,0,0
n1276,0,0
n1277,0,0
n1278,0,0
EPI_ISL_1074586,0,0
n1279,0,0
n1280,0,0
EPI_ISL_896326,0,0
EPI_ISL_876717,0,0
EPI_ISL_644601,0,0
EPI_ISL_1078276,0,0
EPI_ISL_883214,0,0
n1281,0,0
EPI_ISL_1078499,0,0
EPI_ISL_1059254,0,0
n1282,0,0
EPI_ISL_1039528,0,0
EPI_ISL_1039552,0,0
n1283,0,0
n1284,0,0
n1285,0,0
n1286,0,0
EPI_ISL_1114007,0,0
n1287,0,0
n1288,0,0
n1289,0,0
EPI_ISL_1081620,0,0
EPI_ISL_1077789,0,0
EPI_ISL_784046,0,0
n1290,0,0
EPI_ISL_1088544,0,0
EPI_ISL_1159577,0,0
n1291,0,0
EPI_ISL_1029679,0,0
EPI_ISL_1163278,0,0
n1292,0,0
EPI_ISL_1079929,0,0
EPI_ISL_1076029,0,0
n1293,0,0
n1294,0,0
EPI_ISL_856944,0,0
EPI_ISL_826394,0,0
n1295,0,0
n1296,0,0
EPI_ISL_1081003,0,0
n1297,0,0
n1298,0,0
EPI_ISL_785728,0,0
EPI_ISL_785807,0,0
n1299,0,0
n1300,0,0
EPI_ISL_1078410,0,0
EPI_ISL_1078434,0,0
n1301,0,0
n1302,0,0
n1303,0,0
EPI_ISL_708363,0,0
EPI_ISL_1078482,0,0
EPI_ISL_682189,0,0
EPI_ISL_1086617,0,0
n1304,0,0
EPI_ISL_979383,0,0
EPI_ISL_787599,0,0
n1305,0,0
EPI_ISL_883276,0,0
EPI_ISL_1080282,0,0
EPI_ISL_1078021,0,0
n1306,0,0
n1307,0,0
n1308,0,0
n1309,0,0
EPI_ISL_575296,0,0
n1310,0,0
EPI_ISL_1078734,0,0
EPI_ISL_935720,0,0
n1311,0,0
n1312,0,0
EPI_ISL_880006,0,0
n1313,0,0
n1314,0,0
EPI_ISL_984109,0,0
EPI_ISL_903561,0,0
n1315,0,0
EPI_ISL_1087925,0,0
n1316,0,0
n1317,0,0
EPI_ISL_1086500,0,0
n1318,0,0
EPI_ISL_1086802,0,0
EPI_ISL_1088523,0,0
n1319,0,0
n1320,0,0
EPI_ISL_880241,0,0
EPI_ISL_1110092,0,0
EPI_ISL_824669,0,0
n1321,0,0
n1322,0,0
n1323,0,0
EPI_ISL_1089081,0,0
n1324,0,0
n1325,0,0
EPI_ISL_1114616,0,0
n1326,0,0
EPI_ISL_754623,0,0
EPI_ISL_1134447,0,0
n1327,0,0
n1328,0,0
EPI_ISL_784911,0,0
n1329,0,0
n1330,0,0
n1331,0,0
EPI_ISL_884610,0,0
EPI_ISL_784848,0,0
EPI_ISL_1075663,0,0
EPI_ISL_1078382,0,0
EPI_ISL_982636,0,0
n1332,0,0
n1333,0,0
EPI_ISL_1009594,0,0
EPI_ISL_1132302,0,0
n1334,0,0
EPI_ISL_826400,0,0
EPI_ISL_1049941,0,0
n1335,0,0
n1336,0,0
EPI_ISL_1017840,0,0
EPI_ISL_804799,0,0
n1337,0,0
EPI_ISL_1171274,0,0
EPI_ISL_747195,0,0
n1338,0,0
EPI_ISL_1086503,0,0
n1339,0,0
EPI_ISL_1075387,0,0
n1340,0,0
EPI_ISL_833035,0,0
n1341,0,0
n1342,0,0
EPI_ISL_1121664,0,0
n1343,0,0
EPI_ISL_1113909,0,0
EPI_ISL_976968,0,0
EPI_ISL_1011749,0,0
EPI_ISL_784987,0,0
n1344,0,0
EPI_ISL_1078905,0,0
EPI_ISL_1078906,0,0
n1345,0,0
n1346,0,0
n1347,0,0
n1348,0,0
EPI_ISL_903708,0,0
EPI_ISL_979520,0,0
EPI_ISL_1041772,0,0
n1349,0,0
n1350,0,0
n1351,0,0
n1352,0,0
n1353,0,0
n1354,0,0
n1355,0,0
EPI_ISL_980995,0,0
EPI_ISL_980997,0,0
n1356,0,0
EPI_ISL_1097557,0,0
EPI_ISL_942008,0,0
EPI_ISL_861198,0,0
n1357,0,0
EPI_ISL_1078925,0,0
EPI_ISL_955057,0,0
EPI_ISL_857122,0,0
EPI_ISL_1031958,0,0
n1358,0,0
n1359,0,0
n1360,0,0
n1361,0,0
EPI_ISL_832713,0,0
EPI_ISL_1064399,0,0
n1362,0,0
EPI_ISL_832479,0,0
EPI_ISL_905845,0,0
EPI_ISL_925202,0,0
EPI_ISL_790026,0,0
n1363,0,0
n1364,0,0
n1365,0,0
EPI_ISL_1076621,0,0
n1366,0,0
EPI_ISL_787046,0,0
EPI_ISL_784847,0,0
n1367,0,0
EPI_ISL_633099,0,0
EPI_ISL_830586,0,0
n1368,0,0
EPI_ISL_886452,0,0
EPI_ISL_1167987,0,0
n1369,0,0
EPI_ISL_1040052,0,0
n1370,0,0
EPI_ISL_1074306,0,0
n1371,0,0
n1372,0,0
n1373,0,0
EPI_ISL_1017221,0,0
n1374,0,0
EPI_ISL_1093984,0,0
n1375,0,0
EPI_ISL_1077703,0,0
EPI_ISL_1021708,0,0
n1376,0,0
n1377,0,0
n1378,0,0
EPI_ISL_628830,0,0
n1379,0,0
EPI_ISL_590711,0,0
n1380,0,0
EPI_ISL_596610,0,0
EPI_ISL_596601,0,0
EPI_ISL_667343,0,0
n1381,0,0
n1382,0,0
n1383,0,0
n1384,0,0
EPI_ISL_875930,0,0
EPI_ISL_872458,0,0
n1385,0,0
EPI_ISL_768456,0,0
n1386,0,0
EPI_ISL_768458,0,0
EPI_ISL_778940,0,0
n1387,0,0
EPI_ISL_1089126,0,0
EPI_ISL_966678,0,0
n1388,0,0
n1389,0,0
EPI_ISL_1077664,0,0
EPI_ISL_876886,0,0
EPI_ISL_1087964,0,0
n1390,0,0
EPI_ISL_1097758,0,0
n1391,0,0
EPI_ISL_1077378,0,0
n1392,0,0
EPI_ISL_1113684,0,0
EPI_ISL_708268,0,0
n1393,0,0
n1394,0,0
n1395,0,0
n1396,0,0
EPI_ISL_1098059,0,1
n1397,0,0
n1398,0,0
n1399,0,0
n1400,0,0
n1401,0,0
EPI_ISL_1098213,0,0
EPI_ISL_832979,0,0
n1402,0,0
n1403,0,0
EPI_ISL_1159038,0,0
n1404,0,0
n1405,0,0
n1406,0,0
EPI_ISL_832872,0,0
n1407,0,0
EPI_ISL_1163604,0,0
EPI_ISL_1163608,0,0
EPI_ISL_830331,0,0
n1408,0,0
n1409,0,0
EPI_ISL_983135,0,0
EPI_ISL_937036,0,0
n1410,0,0
n1411,0,0
EPI_ISL_754496,0,0
EPI_ISL_1038361,0,0
EPI_ISL_936107,0,0
EPI_ISL_1163412,0,0
n1412,0,0
EPI_ISL_981188,0,0
EPI_ISL_1139533,0,0
n1413,0,0
EPI_ISL_794263,0,0
EPI_ISL_857132,0,0
n1414,0,0
EPI_ISL_547783,0,0
EPI_ISL_803339,0,0
n1415,0,0
EPI_ISL_784818,0,0
EPI_ISL_1098054,0,0
n1416,0,0
n1417,0,0
n1418,0,0
EPI_ISL_786620,0,0
n1419,0,0
EPI_ISL_977048,0,0
n1420,0,0
n1421,0,0
n1422,0,1
n1423,0,1
n1424,0,1
n1425,0,1
EPI_ISL_936296,0,1
n1426,0,1
n1427,0,1
EPI_ISL_1098229,0,1
EPI_ISL_1098272,0,1
n1428,0,1
EPI_ISL_1041343,0,1
EPI_ISL_1098184,0,1
EPI_ISL_933761,0,1
EPI_ISL_1121877,0,0
EPI_ISL_1098336,0,1
EPI_ISL_966439,0,0
n1429,0,0
n1430,0,0
n1431,0,0
EPI_ISL_755207,0,0
EPI_ISL_644600,0,0
n1432,0,0
EPI_ISL_925222,0,0
EPI_ISL_886627,0,0
n1433,0,0
n1434,0,0
n1435,0,0
n1436,0,0
n1437,0,0
n1438,0,0
EPI_ISL_903465,0,0
EPI_ISL_962845,0,0
n1439,0,0
n1440,0,0
EPI_ISL_1163039,0,0
EPI_ISL_1139810,0,0
EPI_ISL_1030455,0,0
n1441,0,0
n1442,0,0
n1443,0,0
EPI_ISL_967437,0,0
EPI_ISL_955654,0,0
n1444,0,0
n1445,0,0
n1446,0,0
EPI_ISL_1069363,0,0
EPI_ISL_1076468,0,0
n1447,0,0
EPI_ISL_1038607,0,0
EPI_ISL_871860,0,0
EPI_ISL_1078088,0,0
n1448,0,0
EPI_ISL_1132292,0,0
EPI_ISL_1134325,0,0
n1449,0,0
n1450,0,0
n1451,0,0
n1452,0,0
EPI_ISL_832107,0,0
EPI_ISL_1081508,0,0
n1453,0,0
n1454,0,0
n1455,0,0
n1456,0,0
n1457,0,0
EPI_ISL_1139844,0,0
EPI_ISL_1087842,0,0
n1458,0,0
EPI_ISL_1088465,0,0
EPI_ISL_1088907,0,0
n1459,0,0
EPI_ISL_966470,0,0
EPI_ISL_1030419,0,0
n1460,0,0
EPI_ISL_885053,0,0
n1461,0,0
EPI_ISL_885116,0,0
EPI_ISL_912013,0,0
EPI_ISL_1139742,0,0
n1462,0,0
n1463,0,0
EPI_ISL_966633,0,0
n1464,0,0
EPI_ISL_1027595,0,0
n1465,0,0
n1466,0,0
n1467,0,0
n1468,0,0
EPI_ISL_1027625,0,0
EPI_ISL_903591,0,0
n1469,0,0
n1470,0,0
n1471,0,0
n1472,0,0
n1473,0,0
EPI_ISL_1098402,0,0
EPI_ISL_1136478,0,0
n1474,0,0
n1475,0,0
n1476,0,0
EPI_ISL_1077764,0,0
EPI_ISL_1079594,0,0
EPI_ISL_1038299,0,0
EPI_ISL_824562,0,0
n1477,0,0
n1478,0,0
EPI_ISL_1038502,0,0
EPI_ISL_1169782,0,0
n1479,0,0
EPI_ISL_1081221,0,0
n1480,0,0
EPI_ISL_861696,0,0
n1481,0,0
EPI_ISL_1055029,0,0
EPI_ISL_1032474,0,0
EPI_ISL_1139981,0,0
n1482,0,0
n1483,0,0
EPI_ISL_1114266,0,0
EPI_ISL_1094154,0,0
n1484,0,0
EPI_ISL_1167274,0,0
n1485,0,0
EPI_ISL_1134281,0,0
EPI_ISL_1088223,0,0
EPI_ISL_1139637,0,0
n1486,0,0
n1487,0,0
n1488,0,0
n1489,0,0
n1490,0,0
EPI_ISL_1021311,0,0
EPI_ISL_753606,0,0
EPI_ISL_914942,0,0
EPI_ISL_1136838,0,0
n1491,0,0
n1492,0,0
EPI_ISL_1017154,0,0
EPI_ISL_979657,0,0
n1493,0,0
EPI_ISL_983740,0,0
n1494,0,0
EPI_ISL_1038610,0,0
EPI_ISL_1163631,0,0
EPI_ISL_1139865,0,0
EPI_ISL_1136323,0,0
n1495,0,0
n1496,0,0
EPI_ISL_1049490,0,0
EPI_ISL_877132,0,0
n1497,0,0
n1498,0,0
n1499,0,0
n1500,0,0
n1501,0,0
n1502,0,0
EPI_ISL_962752,0,0
EPI_ISL_905779,0,0
EPI_ISL_882982,0,0
EPI_ISL_882979,0,0
EPI_ISL_1086808,0,0
n1503,0,0
n1504,0,0
n1505,0,0
n1506,0,0
n1507,0,0
n1508,0,0
EPI_ISL_1093842,0,0
n1509,0,0
EPI_ISL_877102,0,0
EPI_ISL_884929,0,0
n1510,0,0
EPI_ISL_1081192,0,0
EPI_ISL_984576,0,0
n1511,0,0
EPI_ISL_1087856,0,0
EPI_ISL_1139819,0,0
n1512,0,0
n1513,0,0
EPI_ISL_1136671,0,0
n1514,0,0
n1515,0,0
n1516,0,0
n1517,0,0
EPI_ISL_982670,0,0
EPI_ISL_906364,0,0
n1518,0,0
EPI_ISL_1038405,0,0
EPI_ISL_1081517,0,0
EPI_ISL_1088434,0,0
EPI_ISL_1088529,0,0
n1519,0,0
EPI_ISL_753543,0,0
EPI_ISL_833401,0,0
n1520,0,0
EPI_ISL_1027421,0,0
EPI_ISL_1027431,0,0
EPI_ISL_1139825,0,0
n1521,0,0
n1522,0,0
n1523,0,0
n1524,0,0
EPI_ISL_955699,0,0
EPI_ISL_984613,0,0
n1525,0,0
n1526,0,0
EPI_ISL_1049656,0,0
EPI_ISL_887883,0,0
EPI_ISL_1114233,0,0
n1527,0,0
EPI_ISL_833399,0,0
EPI_ISL_1087819,0,0
EPI_ISL_955686,0,0
n1528,0,0
n1529,0,0
EPI_ISL_792664,0,0
EPI_ISL_832383,0,0
n1530,0,0
n1531,0,0
n1532,0,0
EPI_ISL_850118,0,0
EPI_ISL_906353,0,0
EPI_ISL_832281,0,0
n1533,0,0
EPI_ISL_1078041,0,0
EPI_ISL_1076467,0,0
n1534,0,0
n1535,0,0
EPI_ISL_1094415,0,0
n1536,0,0
EPI_ISL_878202,0,0
EPI_ISL_962654,0,0
n1537,0,0
n1538,0,0
n1539,0,0
EPI_ISL_824576,0,0
n1540,0,0
n1541,0,0
n1542,0,0
n1543,0,0
n1544,0,0
n1545,0,0
EPI_ISL_1166869,0,0
EPI_ISL_1088286,0,0
EPI_ISL_914933,0,0
EPI_ISL_1139982,0,0
n1546,0,0
n1547,0,0
EPI_ISL_824620,0,0
n1548,0,0
EPI_ISL_1136536,0,0
EPI_ISL_1136202,0,0
EPI_ISL_1093990,0,0
n1549,0,0
n1550,0,0
EPI_ISL_803059,0,0
EPI_ISL_915236,0,0
n1551,0,0
EPI_ISL_1087997,0,0
EPI_ISL_1158977,0,0
n1552,0,0
EPI_ISL_1038488,0,0
EPI_ISL_1167241,0,0
n1553,0,0
n1554,0,0
EPI_ISL_1038625,0,0
n1555,0,0
n1556,0,0
EPI_ISL_931579,0,0
n1557,0,0
EPI_ISL_1093916,0,0
EPI_ISL_1098806,0,0
EPI_ISL_915256,0,0
n1558,0,0
EPI_ISL_962712,0,0
EPI_ISL_1086625,0,0
n1559,0,0
n1560,0,0
n1561,0,0
EPI_ISL_1090953,0,0
EPI_ISL_1110109,0,0
n1562,0,0
EPI_ISL_905923,0,0
n1563,0,0
n1564,0,0
n1565,0,0
EPI_ISL_1086721,0,0
EPI_ISL_978571,0,0
n1566,0,0
n1567,0,0
n1568,0,0
EPI_ISL_1086715,0,0
EPI_ISL_979095,0,0
EPI_ISL_1139959,0,0
EPI_ISL_1090449,0,0
EPI_ISL_884988,0,0
EPI_ISL_730353,0,0
n1569,0,0
EPI_ISL_903639,0,0
n1570,0,0
EPI_ISL_1132729,0,0
n1571,0,0
n1572,0,0
n1573,0,0
EPI_ISL_755607,0,0
EPI_ISL_802675,0,0
n1574,0,0
EPI_ISL_1049221,0,0
EPI_ISL_1049222,0,0
EPI_ISL_967466,0,0
n1575,1,0
EPI_ISL_1164793,1,0
EPI_ISL_1036882,1,0
n1576,0,0
n1577,0,0
n1578,0,0
n1579,0,0
n1580,0,0
n1581,0,0
n1582,0,0
n1583,0,0
EPI_ISL_913544,0,0
EPI_ISL_903258,0,0
EPI_ISL_1164906,0,0
EPI_ISL_568679,0,0
n1584,1,1
n1585,1,1
n1586,1,1
EPI_ISL_1098472,1,1
n1587,1,1
EPI_ISL_1041884,1,1
EPI_ISL_994844,1,1
n1588,1,1
n1589,1,1
n1590,1,1
EPI_ISL_994911,1,1
EPI_ISL_1137005,1,1
n1591,1,1
n1592,1,1
EPI_ISL_995037,1,1
EPI_ISL_995041,1,1
n1593,1,1
n1594,1,1
EPI_ISL_1116524,1,1
EPI_ISL_995095,1,1
n1595,1,1
n1596,1,1
EPI_ISL_1098532,1,1
n1597,1,1
EPI_ISL_1041283,1,1
EPI_ISL_1098400,1,1
n1598,1,1
n1599,1,1
n1600,1,1
n1601,1,1
n1602,1,1
n1603,1,1
EPI_ISL_994946,1,1
n1604,1,1
n1605,1,1
n1606,1,1
EPI_ISL_1041675,1,1
EPI_ISL_1098325,1,1
EPI_ISL_1064862,1,1
EPI_ISL_1016183,1,1
n1607,1,1
EPI_ISL_1016206,1,1
n1608,1,1
EPI_ISL_1116516,1,1
EPI_ISL_994819,1,1
EPI_ISL_1121893,1,1
EPI_ISL_1098128,1,1
EPI_ISL_1064832,1,1
EPI_ISL_1041239,1,1
n1609,1,1
EPI_ISL_1121900,1,1
EPI_ISL_1121947,1,1
n1610,1,1
n1611,1,1
n1612,1,1
n1613,1,1
n1614,1,1
EPI_ISL_1016269,1,1
EPI_ISL_1098247,1,1
n1615,1,1
EPI_ISL_995094,1,1
n1616,1,1
EPI_ISL_1121851,1,1
EPI_ISL_1114499,1,1
EPI_ISL_1041469,1,1
EPI_ISL_1041457,1,1
n1617,1,1
EPI_ISL_1064820,1,1
EPI_ISL_1121956,1,1
n1618,0,0
n1619,0,0
EPI_ISL_978140,0,0
n1620,0,0
EPI_ISL_582953,0,0
n1621,0,0
EPI_ISL_779338,0,0
EPI_ISL_1157461,0,0
n1622,0,0
n1623,0,0
EPI_ISL_985261,0,0
n1624,0,0
n1625,0,0
EPI_ISL_877481,0,0
n1626,0,0
EPI_ISL_1009502,0,0
n1627,0,0
EPI_ISL_1009440,0,0
EPI_ISL_1031927,0,0
n1628,0,0
EPI_ISL_883908,0,0
EPI_ISL_876493,0,0
EPI_ISL_790375,0,0
n1629,0,0
n1630,0,0
EPI_ISL_941250,0,0
n1631,0,0
EPI_ISL_677173,0,0
n1632,0,0
n1633,0,0
n1634,0,0
EPI_ISL_710090,0,0
EPI_ISL_751559,0,0
n1635,0,0
EPI_ISL_832777,0,0
EPI_ISL_1171052,0,0
EPI_ISL_936584,0,0
n1636,0,0
n1637,0,0
EPI_ISL_877532,0,0
EPI_ISL_1136055,0,0
EPI_ISL_823972,0,0
n1638,0,0
n1639,0,0
n1640,0,0
n1641,0,0
EPI_ISL_770120,0,0
EPI_ISL_978409,0,0
n1642,0,0
n1643,0,0
n1644,0,0
n1645,0,0
n1646,0,0
EPI_ISL_888503,0,0
n1647,0,0
EPI_ISL_983164,0,0
EPI_ISL_791385,0,0
EPI_ISL_1159344,0,0
n1648,0,0
n1649,0,0
EPI_ISL_943904,0,0
n1650,0,0
n1651,0,0
n1652,0,0
EPI_ISL_888657,0,0
EPI_ISL_1097387,0,0
n1653,0,0
n1654,0,0
n1655,0,0
EPI_ISL_1049947,0,0
EPI_ISL_1095001,0,0
EPI_ISL_936052,0,0
EPI_ISL_883815,0,0
EPI_ISL_981179,0,0
n1656,0,0
n1657,0,0
n1658,0,0
n1659,0,0
n1660,0,0
EPI_ISL_903840,0,0
EPI_ISL_1076101,0,0
n1661,0,0
n1662,0,0
n1663,0,0
n1664,0,0
EPI_ISL_979779,0,0
n1665,0,0
EPI_ISL_739000,0,0
EPI_ISL_955549,0,0
EPI_ISL_955557,0,0
EPI_ISL_979792,0,0
EPI_ISL_979775,0,0
n1666,0,0
EPI_ISL_979164,0,0
EPI_ISL_979772,0,0
EPI_ISL_955525,0,0
n1667,0,0
EPI_ISL_824392,0,0
EPI_ISL_1160975,0,0
EPI_ISL_980940,0,0
EPI_ISL_955757,0,0
n1668,0,0
EPI_ISL_832949,0,0
n1669,0,0
EPI_ISL_861224,0,0
EPI_ISL_1095167,0,0
EPI_ISL_1136724,0,0
EPI_ISL_1137077,0,0
n1670,0,0
EPI_ISL_888017,0,0
n1671,0,0
n1672,0,0
n1673,0,0
n1674,0,0
EPI_ISL_1009544,0,0
EPI_ISL_739621,0,0
n1675,0,0
n1676,0,0
EPI_ISL_1097951,0,0
EPI_ISL_941911,0,0
EPI_ISL_1048597,0,0
n1677,0,0
EPI_ISL_832912,0,0
EPI_ISL_1089032,0,0
n1678,0,0
n1679,0,0
EPI_ISL_1137173,0,0
EPI_ISL_830613,0,0
n1680,0,0
n1681,0,0
EPI_ISL_784603,0,0
EPI_ISL_786070,0,0
n1682,0,0
EPI_ISL_876218,0,0
n1683,0,0
EPI_ISL_755406,0,0
EPI_ISL_1087892,0,0
EPI_ISL_661116,0,0
n1684,0,0
n1685,0,0
n1686,0,0
n1687,0,0
n1688,0,0
EPI_ISL_1016402,0,0
n1689,0,0
EPI_ISL_1122182,0,0
n1690,0,0
EPI_ISL_849622,0,0
EPI_ISL_776718,0,0
n1691,0,0
n1692,0,0
n1693,0,0
n1694,0,0
n1695,0,0
EPI_ISL_683722,0,0
EPI_ISL_605630,0,0
EPI_ISL_605697,0,0
n1696,0,0
EPI_ISL_631494,0,0
EPI_ISL_605604,0,0
n1697,0,0
EPI_ISL_785876,0,0
EPI_ISL_913696,0,0
n1698,0,0
n1699,0,0
EPI_ISL_790079,0,0
n1700,0,0
n1701,0,0
EPI_ISL_610063,0,0
EPI_ISL_682209,0,0
EPI_ISL_784057,0,0
n1702,0,0
n1703,0,0
n1704,0,0
n1705,0,0
n1706,0,0
EPI_ISL_765766,0,0
EPI_ISL_765867,0,0
n1707,0,0
EPI_ISL_765659,0,0
EPI_ISL_692921,0,0
EPI_ISL_765730,0,0
EPI_ISL_667403,0,0
EPI_ISL_614089,0,0
n1708,0,0
EPI_ISL_784685,0,0
EPI_ISL_1076099,0,0
n1709,0,0
EPI_ISL_1020539,0,0
EPI_ISL_632977,0,0
n1710,0,0
EPI_ISL_732826,0,0
n1711,0,0
n1712,0,0
EPI_ISL_784178,0,0
EPI_ISL_677519,0,0
n1713,0,0
EPI_ISL_746267,0,0
EPI_ISL_1090967,0,0
n1714,0,0
n1715,0,0
n1716,0,0
n1717,0,0
EPI_ISL_1086538,0,0
EPI_ISL_915212,0,0
n1718,0,0
n1719,0,0
n1720,0,0
EPI_ISL_1161192,0,0
EPI_ISL_1161193,0,0
EPI_ISL_877519,0,0
EPI_ISL_1074498,0,0
EPI_ISL_753635,0,0
EPI_ISL_677178,0,0
n1721,0,0
n1722,0,0
n1723,0,0
n1724,0,0
n1725,0,0
EPI_ISL_1098236,0,0
n1726,0,0
EPI_ISL_906378,0,0
EPI_ISL_860938,0,0
EPI_ISL_861974,0,0
EPI_ISL_889500,0,0
n1727,0,0
EPI_ISL_1077328,0,0
EPI_ISL_1074875,0,0
n1728,0,0
n1729,0,0
n1730,0,0
EPI_ISL_801954,0,0
EPI_ISL_790169,0,0
n1731,0,0
EPI_ISL_876036,0,0
EPI_ISL_937049,0,0
n1732,0,0
EPI_ISL_1060016,0,0
EPI_ISL_994944,0,0
n1733,0,0
EPI_ISL_753311,0,0
EPI_ISL_1080065,0,0
n1734,0,0
n1735,0,0
n1736,0,0
EPI_ISL_1079219,0,0
EPI_ISL_1079194,0,0
EPI_ISL_784729,0,0
EPI_ISL_1078736,0,0
n1737,0,0
EPI_ISL_794292,0,0
n1738,0,0
n1739,0,0
n1740,0,0
EPI_ISL_660871,0,0
n1741,0,0
n1742,0,0
n1743,0,0
EPI_ISL_677143,0,0
EPI_ISL_677382,0,0
EPI_ISL_1067938,0,0
n1744,0,0
n1745,0,0
EPI_ISL_914873,0,0
EPI_ISL_1054890,0,0
n1746,0,0
n1747,0,0
n1748,0,0
n1749,0,0
n1750,0,0
EPI_ISL_631441,0,0
EPI_ISL_803203,0,0
n1751,0,0
EPI_ISL_942064,0,0
EPI_ISL_803259,0,0
EPI_ISL_631449,0,0
EPI_ISL_984196,0,0
n1752,0,0
EPI_ISL_803703,0,0
n1753,0,0
EPI_ISL_547775,0,0
EPI_ISL_660795,0,0
n1754,0,0
n1755,0,0
n1756,0,0
EPI_ISL_803463,0,0
EPI_ISL_803583,0,0
EPI_ISL_536731,0,0
n1757,0,0
n1758,0,0
n1759,0,0
n1760,0,0
EPI_ISL_903281,0,0
EPI_ISL_984586,0,0
n1761,0,0
EPI_ISL_984562,0,0
EPI_ISL_783777,0,0
n1762,0,0
EPI_ISL_942672,0,0
EPI_ISL_634856,0,0
n1763,0,0
n1764,0,0
n1765,0,0
EPI_ISL_708357,0,0
EPI_ISL_804782,0,0
EPI_ISL_903334,0,0
n1766,0,0
n1767,0,0
EPI_ISL_778904,0,0
EPI_ISL_942616,0,0
EPI_ISL_1088524,0,0
EPI_ISL_936777,0,0
n1768,0,0
n1769,0,0
n1770,0,0
n1771,0,0
EPI_ISL_911786,0,0
EPI_ISL_629065,0,0
EPI_ISL_1111565,0,0
n1772,0,0
EPI_ISL_903683,0,0
EPI_ISL_981115,0,0
n1773,0,0
n1774,0,0
n1775,0,0
n1776,0,0
n1777,0,0
n1778,0,0
n1779,0,0
EPI_ISL_1039541,0,0
n1780,0,0
n1781,0,0
EPI_ISL_1038447,0,0
n1782,0,0
n1783,0,0
EPI_ISL_1049321,0,0
EPI_ISL_1139420,0,0
n1784,0,0
n1785,0,0
EPI_ISL_1017093,0,0
EPI_ISL_956354,0,0
EPI_ISL_1076311,0,0
EPI_ISL_739276,0,0
EPI_ISL_1090375,0,0
n1786,0,0
n1787,0,0
EPI_ISL_660805,0,0
n1788,0,0
n1789,0,0
n1790,0,0
EPI_ISL_755031,0,0
EPI_ISL_955570,0,0
n1791,0,0
EPI_ISL_837536,0,0
n1792,0,0
EPI_ISL_681804,0,0
EPI_ISL_812180,0,0
EPI_ISL_1090581,0,0
n1793,0,0
n1794,0,0
EPI_ISL_683951,0,0
n1795,0,0
n1796,0,0
n1797,0,0
EPI_ISL_1075199,0,0
EPI_ISL_1076212,0,0
EPI_ISL_753290,0,0
EPI_ISL_967795,0,0
n1798,0,0
EPI_ISL_1079499,0,0
EPI_ISL_753328,0,0
n1799,0,0
EPI_ISL_739421,0,0
n1800,0,0
EPI_ISL_790383,0,0
n1801,0,0
n1802,0,0
n1803,0,0
EPI_ISL_824973,0,0
EPI_ISL_1074546,0,0
EPI_ISL_791391,0,0
n1804,0,0
EPI_ISL_1017169,0,0
n1805,0,0
EPI_ISL_954983,0,0
EPI_ISL_786516,0,0
n1806,0,0
n1807,0,0
n1808,0,1
EPI_ISL_876662,0,1
n1809,0,1
n1810,0,1
EPI_ISL_806807,0,0
EPI_ISL_1041669,0,1
EPI_ISL_1080314,0,1
EPI_ISL_884063,0,0
n1811,0,0
EPI_ISL_683830,0,0
n1812,0,0
n1813,0,0
n1814,0,0
EPI_ISL_936608,0,0
n1815,0,0
EPI_ISL_936779,0,0
EPI_ISL_1029887,0,0
n1816,0,0
n1817,0,0
EPI_ISL_1078879,0,0
n1818,0,0
n1819,0,0
EPI_ISL_803491,0,0
EPI_ISL_677453,0,0
n1820,0,0
n1821,0,0
n1822,0,0
EPI_ISL_728077,0,0
n1823,0,0
EPI_ISL_660980,0,0
EPI_ISL_660893,0,0
n1824,0,0
EPI_ISL_661005,0,0
EPI_ISL_913718,0,0
EPI_ISL_803782,0,0
EPI_ISL_784571,0,0
n1825,0,0
n1826,0,0
n1827,0,0
n1828,0,0
n1829,0,0
EPI_ISL_1113896,0,0
n1830,0,0
n1831,0,0
n1832,0,0
n1833,0,0
EPI_ISL_1113944,0,0
EPI_ISL_1088292,0,0
n1834,0,0
EPI_ISL_1076849,0,0
n1835,0,0
EPI_ISL_1133835,0,0
EPI_ISL_1113964,0,0
EPI_ISL_1139615,0,0
n1836,0,0
EPI_ISL_1079714,0,0
EPI_ISL_1097537,0,0
n1837,0,0
n1838,0,0
n1839,0,0
EPI_ISL_1032379,0,0
n1840,0,0
EPI_ISL_1086285,0,0
EPI_ISL_1088262,0,0
n1841,0,0
EPI_ISL_1114098,0,0
n1842,0,0
EPI_ISL_1161215,0,0
n1843,0,0
n1844,0,0
EPI_ISL_1079972,0,0
EPI_ISL_1079377,0,0
EPI_ISL_1089020,0,0
n1845,0,0
EPI_ISL_1054888,0,0
n1846,0,0
n1847,0,0
EPI_ISL_1161134,0,0
EPI_ISL_1038692,0,0
n1848,0,0
EPI_ISL_1021955,0,0
EPI_ISL_1021956,0,0
EPI_ISL_1075488,0,0
n1849,0,0
EPI_ISL_1077178,0,0
EPI_ISL_1094652,0,0
n1850,0,0
n1851,0,0
n1852,0,0
n1853,0,0
n1854,0,0
n1855,0,0
EPI_ISL_1093803,0,0
EPI_ISL_1121068,0,0
n1856,0,0
EPI_ISL_1079067,0,0
n1857,0,0
EPI_ISL_666971,0,0
n1858,0,0
n1859,0,0
EPI_ISL_855400,0,0
EPI_ISL_978979,0,0
EPI_ISL_1136898,0,0
n1860,0,0
EPI_ISL_787083,0,0
n1861,0,0
n1862,0,0
EPI_ISL_936454,0,0
EPI_ISL_962635,0,0
n1863,0,0
n1864,0,0
EPI_ISL_1139558,0,0
n1865,0,0
n1866,0,0
EPI_ISL_1087722,0,0
n1867,0,0
EPI_ISL_982493,0,0
EPI_ISL_995150,0,0
EPI_ISL_1121865,0,0
EPI_ISL_1121777,0,0
n1868,0,0
EPI_ISL_771331,0,0
EPI_ISL_753504,0,0
n1869,0,0
EPI_ISL_1079044,0,0
EPI_ISL_739011,0,0
EPI_ISL_753364,0,0
n1870,0,0
n1871,0,0
EPI_ISL_723126,0,0
EPI_ISL_654701,0,0
EPI_ISL_654712,0,0
n1872,0,0
n1873,0,0
n1874,0,0
EPI_ISL_1040106,0,0
EPI_ISL_1040115,0,0
EPI_ISL_1040087,0,0
n1875,0,0
n1876,0,0
EPI_ISL_806887,0,0
EPI_ISL_791440,0,0
n1877,0,0
n1878,0,0
n1879,0,0
n1880,0,0
n1881,0,0
n1882,0,0
EPI_ISL_1060663,0,0
EPI_ISL_1074972,0,0
n1883,0,0
n1884,0,0
n1885,0,0
n1886,0,0
n1887,0,0
EPI_ISL_753276,0,0
n1888,0,0
n1889,0,0
EPI_ISL_739222,0,0
EPI_ISL_739614,0,0
EPI_ISL_738746,0,0
EPI_ISL_753306,0,0
n1890,0,0
n1891,0,0
EPI_ISL_962122,0,0
EPI_ISL_878426,0,0
n1892,0,0
EPI_ISL_1078850,0,0
EPI_ISL_824877,0,0
n1893,0,0
EPI_ISL_787926,0,0
n1894,0,0
n1895,0,0
EPI_ISL_937245,0,0
n1896,0,0
EPI_ISL_1030161,0,0
n1897,0,0
EPI_ISL_857108,0,0
EPI_ISL_823957,0,0
EPI_ISL_787071,0,0
n1898,0,0
EPI_ISL_789761,0,0
n1899,0,0
EPI_ISL_914869,0,0
n1900,0,0
EPI_ISL_1075005,0,0
EPI_ISL_710365,0,0
n1901,0,0
n1902,0,0
EPI_ISL_1022152,0,0
EPI_ISL_754575,0,0
EPI_ISL_883416,0,0
EPI_ISL_747087,0,0
n1903,0,0
n1904,0,0
n1905,0,0
n1906,0,0
n1907,0,0
n1908,0,0
n1909,0,0
n1910,0,0
n1911,0,0
n1912,0,0
EPI_ISL_1094434,0,0
EPI_ISL_754511,0,0
EPI_ISL_830718,0,0
n1913,0,0
EPI_ISL_802253,0,0
n1914,0,0
EPI_ISL_1041362,0,0
EPI_ISL_794132,0,0
n1915,0,0
n1916,0,0
n1917,0,0
EPI_ISL_823944,0,0
EPI_ISL_1090573,0,0
n1918,0,0
EPI_ISL_1029942,0,0
EPI_ISL_1097874,0,0
n1919,0,0
n1920,0,0
n1921,0,0
n1922,0,0
n1923,0,0
n1924,0,0
n1925,0,0
EPI_ISL_984846,0,0
n1926,0,0
EPI_ISL_1015682,0,0
n1927,0,0
EPI_ISL_1041620,0,0
EPI_ISL_883391,0,0
EPI_ISL_832288,0,0
EPI_ISL_857280,0,0
EPI_ISL_896427,0,0
n1928,0,0
EPI_ISL_1016395,0,0
EPI_ISL_936127,0,0
EPI_ISL_824325,0,0
EPI_ISL_755361,0,0
n1929,0,0
EPI_ISL_640181,0,0
EPI_ISL_650056,0,0
EPI_ISL_790154,0,0
EPI_ISL_790095,0,0
EPI_ISL_614128,0,0
n1930,0,0
EPI_ISL_925150,0,0
EPI_ISL_804035,0,0
n1931,0,0
n1932,0,0
n1933,0,0
n1934,0,0
n1935,0,0
n1936,0,0
EPI_ISL_1030212,0,0
EPI_ISL_936986,0,0
n1937,0,0
EPI_ISL_1017760,0,0
n1938,0,0
EPI_ISL_1040011,0,0
EPI_ISL_1030181,0,0
n1939,0,0
EPI_ISL_1163201,0,0
EPI_ISL_896284,0,0
EPI_ISL_1097913,0,0
n1940,0,0
EPI_ISL_1061282,1,0
EPI_ISL_803346,0,0
n1941,0,0
EPI_ISL_739550,0,0
n1942,0,0
EPI_ISL_734285,0,0
n1943,0,0
EPI_ISL_869226,0,0
EPI_ISL_930645,0,0
n1944,0,0
EPI_ISL_786803,0,0
n1945,0,0
EPI_ISL_1163390,0,0
n1946,1,1
EPI_ISL_1097824,1,1
n1947,1,1
n1948,1,1
n1949,1,1
EPI_ISL_983660,1,0
EPI_ISL_966526,1,1
n1950,1,1
n1951,1,1
EPI_ISL_902969,1,1
EPI_ISL_1091972,1,1
n1952,1,0
n1953,1,0
n1954,1,0
EPI_ISL_1121243,1,0
EPI_ISL_1041455,1,0
EPI_ISL_850614,1,1
n1955,1,0
n1956,1,0
EPI_ISL_883428,1,0
EPI_ISL_1098477,1,0
n1957,1,0
EPI_ISL_1169644,1,0
EPI_ISL_1008921,1,0
n1958,1,1
EPI_ISL_1081093,1,1
n1959,1,1
n1960,1,1
n1961,1,1
n1962,1,1
EPI_ISL_955896,1,1
EPI_ISL_955893,1,1
EPI_ISL_911531,1,1
EPI_ISL_1081077,1,1
n1963,1,1
n1964,1,1
n1965,0,1
EPI_ISL_1009733,0,1
n1966,0,1
EPI_ISL_1016706,1,1
n1967,0,0
EPI_ISL_1058743,0,0
EPI_ISL_1158198,0,0
n1968,1,1
n1969,1,1
n1970,1,1
n1971,1,1
EPI_ISL_1016736,1,1
n1972,1,1
n1973,1,1
n1974,1,1
n1975,1,1
EPI_ISL_1081086,1,1
EPI_ISL_802643,1,1
EPI_ISL_1036704,1,1
n1976,1,1
n1977,1,1
n1978,1,1
EPI_ISL_884591,1,1
EPI_ISL_1081087,1,1
n1979,1,1
n1980,1,1
EPI_ISL_1016719,1,1
EPI_ISL_850651,1,1
EPI_ISL_1016757,1,1
n1981,1,1
EPI_ISL_1132195,1,1
EPI_ISL_1132206,1,1
EPI_ISL_1016693,1,1
EPI_ISL_884580,1,1
n1982,1,1
EPI_ISL_802618,1,1
EPI_ISL_850690,1,1
EPI_ISL_1114468,1,1
n1983,1,1
n1984,1,1
n1985,1,1
EPI_ISL_1098152,1,1
n1986,1,1
EPI_ISL_1098544,1,1
EPI_ISL_1098158,1,1
EPI_ISL_903362,1,0
EPI_ISL_994965,1,1
